season,date,B2,B3,B4,B5,B6,B7,B8,B8A,B11,B12,GCC,NDVI,NDRE,GNDVI,SAVI,EVI,LSWI,s2_valid_fraction,s2_clear_fraction,s2_cs_cdf_median,clear_pixel_count,cloudy_pixel_percentage,n_s2_granules,n_valid_optical_granules,cloud_free_any,S1_A129_VV,S1_A129_VH,S1_A129_VV_minus_VH,S1_A129_RVI,S1_A129_ANGLE,S1_A129_delta_days,S1_A27_VV,S1_A27_VH,S1_A27_VV_minus_VH,S1_A27_RVI,S1_A27_ANGLE,S1_A27_delta_days,S1_D136_VV,S1_D136_VH,S1_D136_VV_minus_VH,S1_D136_RVI,S1_D136_ANGLE,S1_D136_delta_days,S1_D63_VV,S1_D63_VH,S1_D63_VV_minus_VH,S1_D63_RVI,S1_D63_ANGLE,S1_D63_delta_days
wheat_2023_24,2023-10-26,0.07405000180006024,0.1029000021517276,0.1327999979257583,0.1544499993324279,0.1704500019550323,0.18649999797344205,0.18924999982118607,0.2012999951839447,0.2726499885320663,0.251800000667572,0.3319769874215126,0.17258103998572655,0.1229544766247272,0.2943656813999084,0.10111611927240799,0.0965888870501765,-0.1851682833054316,1.0,1.0,0.8803921568627451,57,0.129707,2,2,1,-12.482717820367329,-29.10866263952045,15.464657689700523,0.1105162629275527,33.397003173828125,1.0,-14.76643613223968,-23.47316781923968,8.914913211668969,0.4551061989864817,44.973066329956055,6.0,,,,,,,,,,,,
wheat_2023_24,2023-10-31,0.07992529829165759,0.1030000001192092,0.13003511718104976,0.14965000003576276,0.16305000334978098,0.1790499985218048,0.18329999595880503,0.19349999725818628,0.2688000053167343,0.25604999065399164,0.3278917819261551,0.16752689969928358,0.12329890578985209,0.2817660389897024,0.09705691011033904,0.09677403199554235,-0.19075058389694716,1.0,1.0,0.8862745098039215,57,7.447987,2,2,1,-12.482717820367329,-29.10866263952045,15.464657689700523,0.1105162629275527,33.397003173828125,4.0,-14.76643613223968,-23.47316781923968,8.914913211668969,0.4551061989864817,44.973066329956055,1.0,,,,,,,-14.523339223453275,-24.54190849851944,10.33580740675098,0.3388709190174055,42.706321716308594,4.0
wheat_2023_24,2023-11-05,0.0994750019162893,0.12310000136494635,0.14578969315161175,0.1705000028014183,0.19344999641180036,0.2082500010728836,0.21379999816417689,0.22264999896287913,0.287650004029274,0.2651499956846237,0.3348030360355354,0.1824401137287076,0.12966043502092356,0.26371007831200305,0.1142945898687002,0.12222912255674595,-0.15024867082377874,1.0,1.0,0.8745098039215686,57,0.092005,2,2,1,-14.506868196814098,-21.460953866731305,7.922092582430213,0.5557565423388553,33.387992828731015,3.0,-14.76643613223968,-23.47316781923968,8.914913211668969,0.4551061989864817,44.973066329956055,4.0,-10.529886424215286,-21.46774186589346,10.835821801738346,0.3025169728580598,31.21676445007324,4.0,-14.523339223453275,-24.54190849851944,10.33580740675098,0.3388709190174055,42.706321716308594,1.0
wheat_2023_24,2023-11-10,,,,,,,,,,,,,,,,,,1.0,0.0,0.0431372549019607,0,80.2493065,2,0,0,-14.506868196814098,-21.460953866731305,7.922092582430213,0.5557565423388553,33.387992828731015,2.0,-15.092574688385175,-25.18403157530275,10.1873717349736,0.348359618230267,44.97846614504324,3.0,-10.529886424215286,-21.46774186589346,10.835821801738346,0.3025169728580598,31.21676445007324,1.0,-14.523339223453275,-24.54190849851944,10.33580740675098,0.3388709190174055,42.706321716308594,6.0
wheat_2023_24,2023-11-15,0.08779999986290926,0.1162000000476837,0.14330000430345535,0.1673999950289726,0.1795500069856643,0.19329999387264252,0.1979999989271164,0.2066999971866607,0.2729500085115433,0.2508000060915947,0.3348147958585029,0.1591153144836425,0.1089176684617996,0.2604812408856299,0.09687690809369084,0.09678821638226505,-0.16010840395963383,1.0,1.0,0.8941176470588236,57,0.001262,2,2,1,-8.795013220463298,-19.908271539576667,11.002324320026004,0.2942043157484261,33.410648345947266,5.0,-15.092574688385175,-25.18403157530275,10.1873717349736,0.348359618230267,44.97846614504324,2.0,-10.529886424215286,-21.46774186589346,10.835821801738346,0.3025169728580598,31.21676445007324,6.0,-13.983468701362138,-24.653309125900662,10.225218816098678,0.346852862507254,42.70157623291016,1.0
wheat_2023_24,2023-11-20,0.0807000026106834,0.09730000048875805,0.10990000143647191,0.1307500004768371,0.14559999853372568,0.15974999964237208,0.1556000038981437,0.16445000469684595,0.158950001001358,0.14450000226497645,0.3348445370793342,0.15793646434509512,0.114867303520441,0.22386603057384485,0.08657747586469415,0.09107298518675574,-0.014498973953199,1.0,1.0,0.8431372549019608,57,0.4909165,2,2,1,-8.795013220463298,-19.908271539576667,11.002324320026004,0.2942043157484261,33.410648345947266,0.0,-10.609337991654428,-19.88017487083393,9.022539303996382,0.4452055439581224,44.97027206420898,5.0,,,,,,,-13.983468701362138,-24.653309125900662,10.225218816098678,0.346852862507254,42.70157623291016,4.0
wheat_2023_24,2023-11-25,0.05319999903440475,0.07540000230073925,0.08257500082254404,0.10825000330805776,0.13159999996423716,0.1414500027894973,0.14660437971937884,0.15159999579191205,0.17670000344514847,0.13610000163316724,0.3577699810266495,0.28398801302488563,0.17075266689062113,0.3208093791373189,0.13393712043762201,0.12995263189077375,-0.09355725938480136,1.0,1.0,0.8784313725490196,57,9.3491025,2,2,1,-8.795013220463298,-19.908271539576667,11.002324320026004,0.2942043157484261,33.410648345947266,5.0,-10.609337991654428,-19.88017487083393,9.022539303996382,0.4452055439581224,44.97027206420898,0.0,,,,,,,,,,,,
wheat_2023_24,2023-11-30,,,,,,,,,,,,,,,,,,1.0,0.0,0.0745098039215686,0,41.0301405,2,0,0,-10.502755239375832,-17.809420608888658,8.2991908224928,0.5180041980438744,33.407657623291016,2.0,-10.609337991654428,-19.88017487083393,9.022539303996382,0.4452055439581224,44.97027206420898,5.0,-7.915679659971721,-17.29398787116915,9.50457859133678,0.4031481665049978,31.1958065032959,3.0,,,,,,
wheat_2023_24,2023-12-05,0.0351999998092651,0.06299999915063376,0.051824999973177896,0.09905000030994415,0.1786499992012977,0.19510000199079508,0.1955833067893201,0.20524999499320978,0.1706999987363815,0.11655000224709505,0.41717163467512614,0.5814618170261383,0.3509752005338669,0.5144003422132879,0.2887534349138481,0.289304551535419,0.06551121547818181,1.0,1.0,0.903921568627451,57,1.449216,2,2,1,-10.502755239375832,-17.809420608888658,8.2991908224928,0.5180041980438744,33.407657623291016,3.0,-12.947968013442503,-21.7620280509629,8.278898367225631,0.5175948431150741,44.97891998291016,2.0,-7.915679659971721,-17.29398787116915,9.50457859133678,0.4031481665049978,31.1958065032959,2.0,,,,,,
wheat_2023_24,2023-12-10,0.0786000005900859,0.09789999946951866,0.07599999755620951,0.1242999993264675,0.2291999980807304,0.2507000118494034,0.2645540206241853,0.26029999554157257,0.16679999977350235,0.10699999704957006,0.38697431413549005,0.5533495950894278,0.3555153161287308,0.45946338724482944,0.33723313361406326,0.41246438482646675,0.2171510462830593,1.0,1.0,0.8666666666666667,57,1.1313929999999999,2,2,1,-12.91371104601069,-20.36237943059412,7.336395252787235,0.6234512292192499,33.40326499938965,4.0,-12.947968013442503,-21.7620280509629,8.278898367225631,0.5175948431150741,44.97891998291016,3.0,,,,,,,,,,,,
wheat_2023_24,2023-12-15,,,,,,,,,,,,,,,,,,1.0,0.0,0.4156862745098039,0,42.931846,2,0,0,-12.91371104601069,-20.36237943059412,7.336395252787235,0.6234512292192499,33.40326499938965,1.0,-12.706091726415591,-17.39731218324554,4.273843912261724,1.088325045042072,44.97759628295898,4.0,,,,,,,,,,,,
wheat_2023_24,2023-12-20,0.0706500001251697,0.09094999730587,0.05969999916851515,0.11574999988079065,0.25014999508857727,0.28904999792575836,0.3002999871969223,0.2941499948501587,0.13515000045299524,0.06935000047087665,0.4119627277056376,0.6678445846897311,0.4363440275192261,0.5391316662904602,0.41863804458105547,0.5266681015491486,0.3703425335032599,1.0,1.0,0.8745098039215686,57,0.0012975,2,2,1,-12.91371104601069,-20.36237943059412,7.336395252787235,0.6234512292192499,33.40326499938965,6.0,-12.706091726415591,-17.39731218324554,4.273843912261724,1.088325045042072,44.97759628295898,1.0,,,,,,,,,,,,
wheat_2023_24,2023-12-25,0.0739999990910291,0.09410000219941135,0.06275000050663945,0.11639999970793721,0.27435000240802765,0.3224000036716461,0.32519999146461487,0.3233499974012375,0.13609999418258661,0.06605000048875806,0.4086421521810385,0.6774449470908718,0.4729081690311432,0.554681408769033,0.4433050441993288,0.57099521203101,0.40716303139925003,1.0,1.0,0.8568627450980392,57,1.6124885,2,2,1,-12.73859257627388,-18.21547768086976,5.967561725396573,0.8038613417209693,33.39232334234776,1.0,-12.706091726415591,-17.39731218324554,4.273843912261724,1.088325045042072,44.97759628295898,6.0,-9.644967905720552,-17.423086658956336,7.25275833406878,0.6355153410135203,31.202468872070312,2.0,,,,,,
wheat_2023_24,2023-12-30,,,,,,,,,,,,,,,,,,1.0,0.0,0.0352941176470588,0,72.2159565,2,0,0,-12.73859257627388,-18.21547768086976,5.967561725396573,0.8038613417209693,33.39232334234776,4.0,-13.672212156464884,-18.71467820188064,5.271490134330609,0.9161136453136464,44.98189926147461,1.0,-9.644967905720552,-17.423086658956336,7.25275833406878,0.6355153410135203,31.202468872070312,3.0,,,,,,
wheat_2023_24,2024-01-04,,,,,,,,,,,,,,,,,,1.0,0.0,0.18039215686274507,0,20.241259,2,0,0,-12.124996598796958,-17.9786205910016,6.139486637624817,0.7826702074638161,33.40106201171875,3.0,-13.672212156464884,-18.71467820188064,5.271490134330609,0.9161136453136464,44.98189926147461,4.0,-12.563075259695884,-17.537594468894778,4.911600899444279,0.975952224251952,31.20076942443848,4.0,,,,,,
wheat_2023_24,2024-01-09,,,,,,,,,,,,,,,,,,1.0,0.0,0.0352941176470588,0,37.618026,2,0,0,-12.124996598796958,-17.9786205910016,6.139486637624817,0.7826702074638161,33.40106201171875,2.0,-13.160387349505726,-18.12665008924508,5.17165880799606,0.9274329973753448,44.976336989659984,3.0,-12.563075259695884,-17.537594468894778,4.911600899444279,0.975952224251952,31.20076942443848,1.0,,,,,,
wheat_2023_24,2024-01-14,,,,,,,,,,,,,,,,,,1.0,0.0,0.0941176470588235,0,9.9682275,2,0,0,-12.610603106077903,-19.99944196673336,7.154133355214205,0.6458800068172069,33.4019775390625,5.0,-13.160387349505726,-18.12665008924508,5.17165880799606,0.9274329973753448,44.976336989659984,2.0,-12.563075259695884,-17.537594468894778,4.911600899444279,0.975952224251952,31.20076942443848,6.0,,,,,,
wheat_2023_24,2024-01-19,,,,,,,,,,,,,,,,,,1.0,0.0,0.0352941176470588,0,53.7981615,2,0,0,-12.610603106077903,-19.99944196673336,7.154133355214205,0.6458800068172069,33.4019775390625,0.0,-15.106032447972533,-19.891495129137574,5.1531317624165,0.9345572564951689,44.97711181640625,5.0,-13.584057466420123,-18.747445252618856,5.428682409022716,0.8885985790060832,31.204776763916016,1.0,,,,,,
wheat_2023_24,2024-01-24,,,,,,,,,,,,,,,,,,1.0,0.0,0.0352941176470588,0,35.410018,2,0,0,-12.610603106077903,-19.99944196673336,7.154133355214205,0.6458800068172069,33.4019775390625,5.0,-15.106032447972533,-19.891495129137574,5.1531317624165,0.9345572564951689,44.97711181640625,0.0,-13.584057466420123,-18.747445252618856,5.428682409022716,0.8885985790060832,31.204776763916016,4.0,-14.004693911694918,-19.35426200398792,5.518079560094972,0.876628659629589,42.7036361694336,3.0
wheat_2023_24,2024-01-29,0.08720000088214869,0.1003000028431415,0.07405000180006024,0.1215000003576278,0.2319499999284744,0.26590000092983246,0.271533961619899,0.2773500084877014,0.12990000098943705,0.0678000003099441,0.3830395473481773,0.5717730388822059,0.3947901874780655,0.46075316766897834,0.3497089296579361,0.4680563906828562,0.35366834451513207,1.0,1.0,0.8313725490196079,57,1.880025,2,2,1,-12.097729100620834,-18.19703080081794,5.74694204892363,0.8408905765405524,33.40427017211914,2.0,-15.106032447972533,-19.891495129137574,5.1531317624165,0.9345572564951689,44.97711181640625,5.0,,,,,,,-14.004693911694918,-19.35426200398792,5.518079560094972,0.876628659629589,42.7036361694336,2.0
wheat_2023_24,2024-02-03,,,,,,,,,,,,,,,,,,1.0,0.0,0.07058823529411759,0,61.917522500000004,2,0,0,-12.097729100620834,-18.19703080081794,5.74694204892363,0.8408905765405524,33.40427017211914,3.0,-14.11457657033463,-19.63389383725953,5.166448117434609,0.9333085932142448,44.97745132446289,2.0,,,,,,,-13.746777055503676,-19.653476772857815,5.5152559550132105,0.8770744806114953,42.70713806152344,5.0
wheat_2023_24,2024-02-08,0.03120000101625915,0.05739999935030935,0.02610000036656855,0.08669999986886975,0.2599000036716461,0.31039999425411224,0.3369871020498984,0.3228499963879585,0.12384999915957445,0.0597000010311603,0.49778068266160247,0.8571029944349293,0.5807919204235077,0.7098281311097545,0.5415849953368144,0.6192349046468735,0.4660970792174339,1.0,1.0,0.9098039215686274,57,0.31397600000000003,2,2,1,-12.42675097360618,-19.961640339756062,7.689308760392178,0.5824079785856334,33.40418539134734,4.0,-14.11457657033463,-19.63389383725953,5.166448117434609,0.9333085932142448,44.97745132446289,3.0,,,,,,,-13.746777055503676,-19.653476772857815,5.5152559550132105,0.8770744806114953,42.70713806152344,0.0
wheat_2023_24,2024-02-13,,,,,,,,,,,,,,,,,,1.0,0.0,0.5980392156862745,0,85.87266550000001,2,0,0,-12.42675097360618,-19.961640339756062,7.689308760392178,0.5824079785856334,33.40418539134734,1.0,-16.771567652439018,-21.396464969366534,4.786654571505803,0.99733562808207,44.981422424316406,4.0,,,,,,,-13.746777055503676,-19.653476772857815,5.5152559550132105,0.8770744806114953,42.70713806152344,5.0
wheat_2023_24,2024-02-18,,,,,,,,,,,,,,,,,,1.0,0.0,0.0431372549019607,0,68.173802,2,0,0,-12.42675097360618,-19.961640339756062,7.689308760392178,0.5824079785856334,33.40418539134734,6.0,-16.771567652439018,-21.396464969366534,4.786654571505803,0.99733562808207,44.981422424316406,1.0,,,,,,,-13.595654199444237,-20.62910420317013,5.878274915192151,0.8211801228571922,42.70796585083008,2.0
wheat_2023_24,2024-02-23,0.02044999971985815,0.05055000074207775,0.021350000053644097,0.08139999955892555,0.2863999903202057,0.35984998941421503,0.38040000200271606,0.361050009727478,0.1229999996721744,0.05890000052750105,0.5465339963363861,0.8941642145315807,0.643110603094101,0.7665095147154477,0.596648123370458,0.6609704196453094,0.5153828263282776,1.0,1.0,0.9058823529411764,57,0.027367,2,2,1,-15.79410085925203,-20.28560968365673,4.641310340055491,1.0217210357138526,33.40528869628906,1.0,-16.771567652439018,-21.396464969366534,4.786654571505803,0.99733562808207,44.981422424316406,6.0,-13.580699095269129,-19.738970393560336,6.348664122226548,0.7476242764072465,31.19260597229004,2.0,-13.595654199444237,-20.62910420317013,5.878274915192151,0.8211801228571922,42.70796585083008,3.0
wheat_2023_24,2024-02-28,0.03674999997019765,0.0607500001788139,0.0295000001788139,0.090549997985363,0.2807000130414963,0.35455000400543213,0.3763914628125718,0.3670499920845032,0.12260000035166735,0.05894999951124185,0.47781501171818697,0.8523207753896713,0.6166621446609497,0.7205288112163544,0.5727464606364567,0.675078796101855,0.5059789717197418,1.0,1.0,0.8980392156862745,57,0.0127685,2,2,1,-15.79410085925203,-20.28560968365673,4.641310340055491,1.0217210357138526,33.40528869628906,4.0,-15.584580690452665,-21.34299255560069,5.28576563357464,0.9182087158161716,44.98481527534692,1.0,-13.580699095269129,-19.738970393560336,6.348664122226548,0.7476242764072465,31.19260597229004,3.0,,,,,,
wheat_2023_24,2024-03-04,0.0129999998025596,0.05419999919831745,0.025449999608099398,0.09184999763965601,0.30189999938011164,0.37510000169277186,0.39400000870227814,0.38075000047683716,0.12109999731183049,0.06359999999403951,0.5815355181694031,0.8764250576496124,0.6166837215423584,0.7600271999835968,0.5977074503898621,0.6325837671756744,0.5347891449928284,1.0,0.8493747365462975,0.8862745098039215,48,26.27565,2,2,1,-14.482155689383305,-19.808614165749283,5.447907944096711,0.8875128909182376,33.40147399902344,3.0,-15.584580690452665,-21.34299255560069,5.28576563357464,0.9182087158161716,44.98481527534692,4.0,-15.15975331248422,-18.162161577594283,4.240425591315457,1.094431454219675,31.20636749267578,4.0,,,,,,
wheat_2023_24,2024-03-09,0.03810000047087665,0.06570000201463695,0.03264999948441975,0.09989999979734421,0.2933499962091446,0.35805000364780426,0.3760000020265578,0.3674499988555908,0.12329999729990955,0.0600499995052814,0.4827333625350425,0.8399724438786507,0.5840316712856293,0.7017318904399872,0.5653210901757226,0.6660354286432266,0.5068089467123014,1.0,1.0,0.888235294117647,57,0.020633,2,2,1,-14.482155689383305,-19.808614165749283,5.447907944096711,0.8875128909182376,33.40147399902344,2.0,-14.671823023364183,-21.894415993223376,7.109244094927119,0.6515144088376502,44.98183441162109,3.0,-15.15975331248422,-18.162161577594283,4.240425591315457,1.094431454219675,31.20636749267578,1.0,-15.20520995091394,-20.72304789505928,5.638023912491128,0.8578710344406656,42.71248245239258,6.0
wheat_2023_24,2024-03-14,0.0219000000506639,0.061249999329447705,0.03155000042170285,0.1031499989330768,0.2749499976634979,0.33184999227523804,0.3443499952554703,0.3473999947309494,0.1246000006794929,0.06479999795556066,0.5311971715518407,0.8296594016300225,0.5469329059123993,0.7006601661328644,0.5334712441158145,0.569053550561269,0.4682696834206581,1.0,1.0,0.8901960784313725,57,3.4867985,2,2,1,-14.0333317808754,-22.06635337853958,7.811058823116223,0.5614039521134347,33.406165548733306,5.0,-14.671823023364183,-21.894415993223376,7.109244094927119,0.6515144088376502,44.98183441162109,2.0,-15.15975331248422,-18.162161577594283,4.240425591315457,1.094431454219675,31.20636749267578,6.0,-15.20520995091394,-20.72304789505928,5.638023912491128,0.8578710344406656,42.71248245239258,1.0
wheat_2023_24,2024-03-19,0.032999999821186,0.0706000030040741,0.0441000014543533,0.1142999976873397,0.2621000111103058,0.310699999332428,0.3339999914169311,0.3314000070095062,0.1321000009775161,0.0766000002622604,0.474053293466568,0.7624274690945944,0.4880590736865997,0.6505127712874346,0.4945872724056244,0.5377458399635251,0.4362502694129944,1.0,1.0,0.8745098039215686,57,13.320948,2,1,1,-14.0333317808754,-22.06635337853958,7.811058823116223,0.5614039521134347,33.406165548733306,0.0,-14.505788579516649,-18.92463934853497,5.2753267665158905,0.9154898392345084,44.9792534585387,5.0,-14.586021153747224,-18.71442539947036,4.636448245441567,1.0234538383669955,31.20444869995117,1.0,-15.20520995091394,-20.72304789505928,5.638023912491128,0.8578710344406656,42.71248245239258,4.0
wheat_2023_24,2024-03-24,,,,,,,,,,,,,,,,,,1.0,0.0,0.04117647058823525,0,99.0628955,2,0,0,-14.0333317808754,-22.06635337853958,7.811058823116223,0.5614039521134347,33.406165548733306,5.0,-14.505788579516649,-18.92463934853497,5.2753267665158905,0.9154898392345084,44.9792534585387,0.0,-14.586021153747224,-18.71442539947036,4.636448245441567,1.0234538383669955,31.20444869995117,4.0,-13.106783314063687,-18.277983066763287,5.39020421373799,0.8969501889412079,42.71686172485352,3.0
wheat_2023_24,2024-03-29,0.03739999979734415,0.0714786066329919,0.06489999778568745,0.13229999691247935,0.21325000375509262,0.24300000071525568,0.2507750019431114,0.26809999346733093,0.14644999802112574,0.09250000119209284,0.4112515449523926,0.5817665124640745,0.3393006771802902,0.5538747704310998,0.3370034396648407,0.3376547247171402,0.25049769578509073,1.0,1.0,0.8627450980392157,57,12.9828925,2,2,1,-12.359748765997995,-15.894873301494783,3.493632513688928,1.2363075685325238,33.4114551593731,2.0,-14.505788579516649,-18.92463934853497,5.2753267665158905,0.9154898392345084,44.9792534585387,5.0,-12.30442951467862,-15.40570725882998,3.031779616947981,1.3322549778352824,31.199050903320312,3.0,-13.106783314063687,-18.277983066763287,5.39020421373799,0.8969501889412079,42.71686172485352,2.0
wheat_2023_24,2024-04-03,0.022300000768154797,0.0534126883034001,0.06344999931752675,0.1141999997198581,0.15935000032186505,0.17939999699592585,0.19053975465374257,0.2058999985456466,0.12395000085234639,0.080350000411272,0.3860383449037644,0.4927499294281006,0.28207543492317194,0.560014924566831,0.25142384320497513,0.2224263046033333,0.2123203293448037,1.0,1.0,0.7980392156862746,57,73.0059535,2,2,1,-12.359748765997995,-15.894873301494783,3.493632513688928,1.2363075685325238,33.4114551593731,3.0,-14.578794159018663,-17.84690617809858,3.20303530787766,1.2941814050471123,44.98283576965332,2.0,-12.30442951467862,-15.40570725882998,3.031779616947981,1.3322549778352824,31.199050903320312,2.0,-14.464500590522585,-19.862989348021497,4.949869416390964,0.971079248212694,42.70364761352539,5.0
wheat_2023_24,2024-04-08,0.03335000108927485,0.05779999867081635,0.08395000174641605,0.12250000238418575,0.14949999749660492,0.17080000042915344,0.18720000237226486,0.1944999992847442,0.1680999994277954,0.1198999993503093,0.3278915584087372,0.3634512515788057,0.227885290980339,0.5198266208171844,0.19398534012405755,0.17265342175960535,0.05099098928338655,1.0,1.0,0.8901960784313725,57,2.3394589999999997,2,2,1,-12.141076402496688,-18.69832713302571,7.54897653841515,0.5959101937829612,33.363630036513,4.0,-14.578794159018663,-17.84690617809858,3.20303530787766,1.2941814050471123,44.98283576965332,3.0,-12.115597925593978,-16.853636279523474,5.185094176283364,0.9302399918979392,31.366066932678223,5.0,-14.464500590522585,-19.862989348021497,4.949869416390964,0.971079248212694,42.70364761352539,0.0
wheat_2023_24,2024-04-13,0.0253500007092952,0.061025001108646296,0.10679999738931654,0.1422000005841255,0.15910000354051584,0.17520000040531156,0.1912000030279159,0.20630000531673431,0.20104999840259546,0.14530000090599055,0.31717597639498196,0.2741064533341093,0.1851893290877342,0.5103494708027158,0.1531427485020001,0.123366366243576,-0.02714022435247895,1.0,1.0,0.8509803921568627,57,49.0754705,2,2,1,-12.141076402496688,-18.69832713302571,7.54897653841515,0.5959101937829612,33.363630036513,1.0,-14.72189722830676,-21.284872290278845,6.567105072738637,0.7258919789953092,44.97954009936757,4.0,-12.115597925593978,-16.853636279523474,5.185094176283364,0.9302399918979392,31.366066932678223,0.0,-14.464500590522585,-19.862989348021497,4.949869416390964,0.971079248212694,42.70364761352539,5.0
wheat_2023_24,2024-04-18,0.0443000011146068,0.06895000115036959,0.1156999990344047,0.1436749957501888,0.15589999407529825,0.17480000108480445,0.18464999645948404,0.19765000045299524,0.22070000320672983,0.161650002002716,0.30249540507793427,0.22727659575466705,0.16208438575267792,0.4495995491743088,0.1267075070891136,0.1088469438254833,-0.09273749291896816,1.0,1.0,0.884313725490196,57,35.2691635,2,2,1,-12.141076402496688,-18.69832713302571,7.54897653841515,0.5959101937829612,33.363630036513,6.0,-14.72189722830676,-21.284872290278845,6.567105072738637,0.7258919789953092,44.97954009936757,1.0,-12.115597925593978,-16.853636279523474,5.185094176283364,0.9302399918979392,31.366066932678223,5.0,-10.955139001479669,-17.770597972105673,6.322784409311043,0.7564061056655897,42.70459747314453,2.0
wheat_2023_24,2024-04-23,,,,,,,,,,,,,,,,,,1.0,0.0,0.7313725490196079,0,61.356464,2,0,0,-12.254081191273537,-21.811776337038737,8.859207213505528,0.460305067224655,33.39012908935547,1.0,-14.72189722830676,-21.284872290278845,6.567105072738637,0.7258919789953092,44.97954009936757,6.0,-13.238075442933289,-20.19964314995038,6.353791265552633,0.7520276979291611,31.198152542114254,2.0,-10.955139001479669,-17.770597972105673,6.322784409311043,0.7564061056655897,42.70459747314453,3.0
wheat_2023_24,2024-04-28,,,,,,,,,,,,,,,,,,1.0,0.0,0.2745098039215686,0,56.091597500000006,2,0,0,-12.254081191273537,-21.811776337038737,8.859207213505528,0.460305067224655,33.39012908935547,4.0,-15.03517846875098,-25.910281041826767,10.912295268318394,0.2999064134566002,44.98110961914063,1.0,-13.238075442933289,-20.19964314995038,6.353791265552633,0.7520276979291611,31.198152542114254,3.0,,,,,,
wheat_2024_25,2024-12-19,0.0926999971270561,0.1147999987006187,0.1327499970793724,0.1495999991893768,0.1729999929666519,0.1843000054359436,0.1917999982833862,0.1983000040054321,0.2336000055074691,0.2037000060081482,0.3348685055971145,0.1881348823667532,0.1331075876951217,0.2570055723190307,0.1098409323170543,0.1192558482289314,-0.0983913446958446,1.0,1.0,0.8627450980392157,57,0.000743,3,3,1,-11.284268888888391,-20.97190098839835,9.320722961501245,0.4187595006769522,33.39386367797852,1.0,-14.50567763035709,-22.84564409534309,8.576914867050089,0.4874509398514916,44.97126706441243,6.0,-10.607739359571706,-21.577435777170304,11.552996192146074,0.2624243956523498,31.19808387756348,2.0,-14.13175092342106,-21.57560565570829,7.418534831383121,0.6122961597209211,42.69976425170898,3.0
wheat_2024_25,2024-12-24,,,,,,,,,,,,,,,,,,1.0,0.0,0.0392156862745098,0,73.5836625,2,0,0,-11.284268888888391,-20.97190098839835,9.320722961501245,0.4187595006769522,33.39386367797852,4.0,-14.50567763035709,-22.84564409534309,8.576914867050089,0.4874509398514916,44.97126706441243,1.0,-10.607739359571706,-21.577435777170304,11.552996192146074,0.2624243956523498,31.19808387756348,3.0,-8.839393827672763,-17.235122113867806,8.829509314862168,0.4657897139402877,42.70258331298829,4.0
wheat_2024_25,2024-12-29,0.08520000055432314,0.09559999778866765,0.0976000018417835,0.12409999966621395,0.16205000132322311,0.1699000000953674,0.16470000147819513,0.17725000530481333,0.1497500017285347,0.10584999993443485,0.34092712402343744,0.24471293258267696,0.1628066822886467,0.267100402634711,0.12946352170927966,0.14666424353299956,0.0321817589485929,1.0,1.0,0.8235294117647058,57,24.9116395,2,2,1,-9.48721814637835,-19.09597872146468,9.119899176422066,0.4355485919128783,33.39389991760254,3.0,-14.50567763035709,-22.84564409534309,8.576914867050089,0.4874509398514916,44.97126706441243,4.0,-6.891721009197022,-17.285785370659486,10.883973637862336,0.3021331699573293,31.188608169555664,4.0,-8.839393827672763,-17.235122113867806,8.829509314862168,0.4657897139402877,42.70258331298829,1.0
wheat_2024_25,2025-01-03,,,,,,,,,,,,,,,,,,1.0,0.0,0.0431372549019607,0,79.7692595,2,0,0,-9.48721814637835,-19.09597872146468,9.119899176422066,0.4355485919128783,33.39389991760254,2.0,-10.362194690508876,-18.84075013368583,8.00146920751087,0.5489653123412296,44.976932525634766,3.0,-6.891721009197022,-17.285785370659486,10.883973637862336,0.3021331699573293,31.188608169555664,1.0,-8.839393827672763,-17.235122113867806,8.829509314862168,0.4657897139402877,42.70258331298829,6.0
wheat_2024_25,2025-01-13,0.04165000095963475,0.0605818741457194,0.0504499990493059,0.09080000221729276,0.1631499975919723,0.18159999698400492,0.1821999996900558,0.186099998652935,0.1374000012874603,0.09025000035762781,0.3925096169114113,0.5318638483683269,0.31834717094898224,0.46867514390554,0.24184025824069974,0.24963640282590555,0.0986506430724743,1.0,1.0,0.9019607843137256,57,0.0088855,2,2,1,-8.480159057777525,-16.52162370833892,7.963872468335696,0.5511690522339057,33.392311096191406,0.0,-10.95066491804676,-19.446052595097783,8.774619663147933,0.4676352129592245,44.97352973504614,5.0,-7.253819697214306,-16.87649732476521,9.224879660634674,0.4271035500928964,31.192045211791992,1.0,-10.322266316176512,-18.880887616532576,8.552114712953756,0.4890452118042832,42.70507049560547,4.0
wheat_2024_25,2025-01-18,,,,,,,,,,,,,,,,,,1.0,0.0,0.092156862745098,0,91.0397915,2,0,0,-8.480159057777525,-16.52162370833892,7.963872468335696,0.5511690522339057,33.392311096191406,5.0,-10.95066491804676,-19.446052595097783,8.774619663147933,0.4676352129592245,44.97352973504614,0.0,-7.253819697214306,-16.87649732476521,9.224879660634674,0.4271035500928964,31.192045211791992,4.0,-11.221300994010695,-18.644714139178305,7.713620964518914,0.5762102684543805,42.70903015136719,3.0
wheat_2024_25,2025-01-23,0.0335500007495284,0.0640500001609325,0.0419012685542575,0.1014499999582767,0.21660000085830686,0.23849999904632563,0.24821312111424332,0.2515500038862228,0.15859999507665629,0.09879999980330464,0.45656264859276846,0.7054277603563509,0.40603980422019953,0.5810699760913849,0.37562447786331177,0.39795476694901777,0.2225356703003247,1.0,1.0,0.9078431372549018,57,10.067355,2,2,1,-11.119965770017036,-19.713834279578787,8.479828484722796,0.4971020831376751,33.396263122558594,2.0,-10.95066491804676,-19.446052595097783,8.774619663147933,0.4676352129592245,44.97352973504614,5.0,-9.548362407368495,-17.708689066097772,8.94062781899905,0.4570925688547654,31.194795608520508,3.0,-11.221300994010695,-18.644714139178305,7.713620964518914,0.5762102684543805,42.70903015136719,2.0
wheat_2024_25,2025-01-28,0.07609999924898145,0.09581131520806935,0.0696539417898506,0.12714999914169306,0.2368500009179115,0.2580000013113022,0.27189999818801874,0.26684999465942383,0.1510000005364418,0.08524999767541885,0.39393268915868934,0.5854984819889069,0.35513910651206965,0.475105345249176,0.3558116632384462,0.44224187731742853,0.28898588623025734,1.0,1.0,0.8588235294117647,57,10.200007,2,2,1,-11.119965770017036,-19.713834279578787,8.479828484722796,0.4971020831376751,33.396263122558594,3.0,-14.336635905564444,-20.613488661365245,6.1463868273234645,0.7839216324315161,44.97510905014841,2.0,-9.548362407368495,-17.708689066097772,8.94062781899905,0.4570925688547654,31.194795608520508,2.0,-12.52005107227557,-18.07854684279382,5.604781473022313,0.8630406439517941,42.70674514770508,5.0
wheat_2024_25,2025-02-02,0.0638999994844198,0.07984999939799306,0.0533999986946582,0.10254999995231626,0.22794999927282328,0.26170000433921814,0.27330000698566437,0.2724999934434891,0.12889999896287915,0.0676999986171722,0.40013571083545685,0.6736516803503036,0.46337075531482697,0.5523564219474792,0.3969728201627731,0.4856424480676651,0.36109381914138794,1.0,1.0,0.8764705882352941,57,1.251338,2,2,1,-11.458259003725992,-18.075082316730725,7.064874135422135,0.6509939780800242,33.40484619140625,4.0,-14.336635905564444,-20.613488661365245,6.1463868273234645,0.7839216324315161,44.97510905014841,3.0,-11.789767156138147,-18.207500127385952,7.736600213654359,0.5744438533752719,31.196044921875,5.0,-12.52005107227557,-18.07854684279382,5.604781473022313,0.8630406439517941,42.70674514770508,0.0
wheat_2024_25,2025-02-07,,,,,,,,,,,,,,,,,,1.0,0.0,0.7901960784313725,0,17.666454,2,0,0,-11.458259003725992,-18.075082316730725,7.064874135422135,0.6509939780800242,33.40484619140625,1.0,-15.45457134167327,-20.465843098737885,4.163127598807366,1.106411024062469,44.97803497314453,4.0,-11.789767156138147,-18.207500127385952,7.736600213654359,0.5744438533752719,31.196044921875,0.0,-12.52005107227557,-18.07854684279382,5.604781473022313,0.8630406439517941,42.70674514770508,5.0
wheat_2024_25,2025-02-12,0.0363999996334314,0.056299999356269795,0.032600000500679,0.08374999836087224,0.25634999573230743,0.318000003695488,0.3335999995470047,0.33089999854564667,0.12900000065565104,0.06305000185966489,0.44593637169741873,0.8169658929109573,0.5956734716892242,0.7108211914698284,0.5199412810352613,0.5947687128667518,0.4449839926515984,1.0,1.0,0.8960784313725491,57,0.6621170000000001,2,2,1,-11.458259003725992,-18.075082316730725,7.064874135422135,0.6509939780800242,33.40484619140625,6.0,-15.45457134167327,-20.465843098737885,4.163127598807366,1.106411024062469,44.97803497314453,1.0,-11.789767156138147,-18.207500127385952,7.736600213654359,0.5744438533752719,31.196044921875,5.0,-16.580126382480323,-22.105485028735814,5.914561662554947,0.8157408919928304,42.70561981201172,2.0
wheat_2024_25,2025-02-17,0.0323999999091029,0.05564999952912325,0.029649999924004,0.09329999983310694,0.29729999601840973,0.3585500121116638,0.37230479377815573,0.36924999952316284,0.1353500038385391,0.06334999948740005,0.4728345721960068,0.8506646860441778,0.596691757440567,0.7389509600318203,0.5684184488034089,0.6542083621025085,0.46432173252105713,1.0,1.0,0.9078431372549018,57,0.5539785,2,2,1,-14.526737824015004,-21.59964571784091,6.921969655727057,0.6753759308557062,33.398750320194274,1.0,-15.45457134167327,-20.465843098737885,4.163127598807366,1.106411024062469,44.97803497314453,6.0,-12.835199788002669,-17.81618772019701,5.930067184614739,0.8195592780695807,31.21208763122559,2.0,-16.580126382480323,-22.105485028735814,5.914561662554947,0.8157408919928304,42.70561981201172,3.0
wheat_2024_25,2025-02-22,,,,,,,,,,,,,,,,,,1.0,0.0,0.0313725490196078,0,94.570112,2,0,0,-14.526737824015004,-21.59964571784091,6.921969655727057,0.6753759308557062,33.398750320194274,4.0,-16.31122777976753,-20.91177117794601,4.921345004855173,0.9742977298350712,44.97841652696262,1.0,-12.835199788002669,-17.81618772019701,5.930067184614739,0.8195592780695807,31.21208763122559,3.0,-14.545963409697864,-20.4863595407858,5.591544621010373,0.8651045550400058,42.71192169189453,4.0
wheat_2024_25,2025-02-27,,,,,,,,,,,,,,,,,,1.0,0.0,0.0431372549019607,0,99.9837395,2,0,0,-15.557221111701304,-19.264454343503367,4.234247872917962,1.0955626643995866,33.40299224853516,3.0,-16.31122777976753,-20.91177117794601,4.921345004855173,0.9742977298350712,44.97841652696262,4.0,-12.761808183797177,-20.01697194258517,7.837010384927933,0.5609679587341845,31.639554977416992,4.0,-14.545963409697864,-20.4863595407858,5.591544621010373,0.8651045550400058,42.71192169189453,1.0
wheat_2024_25,2025-03-04,0.0405500009655952,0.06375000067055225,0.040679095139047744,0.0958000011742115,0.30799999833106995,0.4116999953985214,0.4194499999284744,0.4223500043153763,0.15524999797344205,0.0795499980449676,0.436978481709957,0.8229152566853539,0.6301862299442291,0.7368428417224544,0.5894557962363416,0.6929017084616202,0.45710245230863344,1.0,1.0,0.8549019607843137,57,26.4984905,2,2,1,-15.557221111701304,-19.264454343503367,4.234247872917962,1.0955626643995866,33.40299224853516,2.0,-14.53976425470572,-21.80680904141096,6.6158247825517495,0.7158750060273631,44.98221664105432,3.0,-12.761808183797177,-20.01697194258517,7.837010384927933,0.5609679587341845,31.639554977416992,1.0,-14.545963409697864,-20.4863595407858,5.591544621010373,0.8651045550400058,42.71192169189453,6.0
wheat_2024_25,2025-03-09,0.033500000834465,0.05822500027716155,0.03430812925173725,0.0965499989688396,0.3184500038623809,0.3944499939680099,0.41377527949421905,0.4149499982595444,0.1384499967098236,0.06929999962449071,0.45949842902053645,0.8461481655760869,0.6252133548259735,0.754014661823226,0.6000293493270874,0.6936418733682977,0.4969121926947485,1.0,1.0,0.8941176470588236,57,0.5466285,2,2,1,-14.720564621948292,-18.80537328041984,4.446547560607926,1.062695445670808,33.40258047447442,5.0,-14.53976425470572,-21.80680904141096,6.6158247825517495,0.7158750060273631,44.98221664105432,2.0,-12.761808183797177,-20.01697194258517,7.837010384927933,0.5609679587341845,31.639554977416992,6.0,-12.838907518614167,-20.23328932109743,6.7239062855598615,0.6984267070685468,42.70656967163086,1.0
wheat_2024_25,2025-03-14,0.02358749997802075,0.049550000578165,0.024547127854325,0.0837999992072582,0.30629999935626984,0.403999999165535,0.4233902230404531,0.4227000027894974,0.13220000267028803,0.06705000251531595,0.5072633628702351,0.8913281959331161,0.6725381016731262,0.7935929596424103,0.6278891749383915,0.7099825739860535,0.5184329201777776,1.0,1.0,0.903921568627451,57,6.9114775,2,2,1,-14.720564621948292,-18.80537328041984,4.446547560607926,1.062695445670808,33.40258047447442,0.0,-14.96274403692546,-19.03134603750094,4.857086835192974,0.9852443811937796,44.98233912833294,5.0,-12.980890844140015,-18.026349054962772,5.258826759028317,0.9181747301207164,31.19673728942871,1.0,-12.838907518614167,-20.23328932109743,6.7239062855598615,0.6984267070685468,42.70656967163086,4.0
wheat_2024_25,2025-03-19,0.0218627970152365,0.05116666667163365,0.027750000357627848,0.0954000018537044,0.30265000462532043,0.37534999847412104,0.3930500000715256,0.3912499994039535,0.1334999948740005,0.06749999895691865,0.5068642511924734,0.8648942761525914,0.6087462902069092,0.768124457094343,0.5877481555300099,0.6440435647964478,0.485088580567526,1.0,1.0,0.9019607843137256,57,3.5927844999999996,2,2,1,-14.720564621948292,-18.80537328041984,4.446547560607926,1.062695445670808,33.40258047447442,5.0,-14.96274403692546,-19.03134603750094,4.857086835192974,0.9852443811937796,44.98233912833294,0.0,-12.980890844140015,-18.026349054962772,5.258826759028317,0.9181747301207164,31.19673728942871,4.0,-13.299414990278215,-18.97577710076911,5.653253793049094,0.8555096102046736,42.70493316650391,3.0
wheat_2024_25,2025-03-24,0.0545206556731144,0.0734000019729137,0.0537166663755973,0.1025999970734119,0.24350000172853464,0.3098499923944473,0.318000003695488,0.32520000636577606,0.13585000485181806,0.07685000076889989,0.40327308378032134,0.704460620880127,0.5196678042411804,0.6241712272167206,0.44942381481329596,0.5282684708225358,0.4001389276328964,1.0,1.0,0.8705882352941177,57,5.9499999999999996e-05,2,2,1,-13.768752130867217,-18.44608905163096,4.785243769144069,0.997547830828858,33.38821758368076,2.0,-14.96274403692546,-19.03134603750094,4.857086835192974,0.9852443811937796,44.98233912833294,5.0,-13.35398839203894,-18.45304884104096,5.350681791152089,0.9032983008279242,31.203845977783203,3.0,-13.299414990278215,-18.97577710076911,5.653253793049094,0.8555096102046736,42.70493316650391,2.0
wheat_2024_25,2025-03-29,,,,,,,,,,,,,,,,,,1.0,0.0,0.8431372549019608,0,44.31151,2,0,0,-13.768752130867217,-18.44608905163096,4.785243769144069,0.997547830828858,33.38821758368076,3.0,-13.71440251588522,-18.595458993927625,5.170025878338077,0.9327202043527628,44.98172950744629,2.0,-13.35398839203894,-18.45304884104096,5.350681791152089,0.9032983008279242,31.203845977783203,2.0,-13.30592597101078,-18.660938203158157,5.621674710331079,0.8604100499503333,42.70426559448242,5.0
wheat_2024_25,2025-03-31,0.016198005069893148,0.0517524371610069,0.037881207366037645,0.09890000149607656,0.23564999550580973,0.2837499976158142,0.306549996137619,0.3100000023841858,0.1401000022888183,0.0834500007331371,0.4845618191383667,0.777003638446331,0.5066125094890594,0.7142726651410296,0.4731706434576944,0.47021476924419403,0.36558412512143446,1.0,1.0,0.888235294117647,57,0.2422745,2,2,1,-13.768752130867217,-18.44608905163096,4.785243769144069,0.997547830828858,33.38821758368076,5.0,-13.71440251588522,-18.595458993927625,5.170025878338077,0.9327202043527628,44.98172950744629,0.0,-13.35398839203894,-18.45304884104096,5.350681791152089,0.9032983008279242,31.203845977783203,4.0,-13.30592597101078,-18.660938203158157,5.621674710331079,0.8604100499503333,42.70426559448242,3.0
wheat_2024_25,2025-04-03,0.01607351995296655,0.0521558747950785,0.04668824991183255,0.10625000298023221,0.2160999998450279,0.25654999911785126,0.27896666030089057,0.28190000355243683,0.1410500034689903,0.08540000021457665,0.4507345210214619,0.7118935883045197,0.45678073167800903,0.6894996613264084,0.4135644882917404,0.39417944887592904,0.31894918621534374,1.0,1.0,0.8803921568627451,57,2.043441,2,2,1,-13.828440126689728,-15.823156951251727,2.262208817972003,1.490574168898907,33.40290334089747,4.0,-13.71440251588522,-18.595458993927625,5.170025878338077,0.9327202043527628,44.98172950744629,3.0,-14.089152742229366,-19.286916736240308,5.202265199108979,0.927420786565924,31.197288513183597,5.0,-13.30592597101078,-18.660938203158157,5.621674710331079,0.8604100499503333,42.70426559448242,0.0
wheat_2024_25,2025-04-08,0.0668999999761581,0.0895000025629997,0.09534999728202814,0.1361000016331672,0.18249999731779096,0.20130000263452524,0.2066999971866607,0.22925000637769694,0.16955000162124628,0.11524999886751175,0.3560388386249542,0.36744207168986376,0.24675042927265164,0.39231693903215303,0.20578081160783765,0.21614189660777486,0.09407935134356205,1.0,1.0,0.7843137254901961,57,3.518586,2,2,1,-13.828440126689728,-15.823156951251727,2.262208817972003,1.490574168898907,33.40290334089747,1.0,-12.708554774241634,-18.970806420256476,5.801976342947851,0.8313798506553054,44.97166448902236,4.0,-14.089152742229366,-19.286916736240308,5.202265199108979,0.927420786565924,31.197288513183597,0.0,-13.30592597101078,-18.660938203158157,5.621674710331079,0.8604100499503333,42.70426559448242,5.0
wheat_2024_25,2025-04-13,0.02847500005736945,0.0554212183432977,0.08788333336512245,0.12535000219941134,0.15035000443458552,0.1743000000715255,0.18540000170469279,0.20625000447034836,0.1881500035524368,0.1355499997735023,0.3242043129746513,0.3444657679391444,0.23081680387258524,0.5342914164066315,0.18287665539115433,0.1564557485946334,-0.0234968059512397,1.0,1.0,0.8764705882352941,57,1.8555085,2,2,1,-13.828440126689728,-15.823156951251727,2.262208817972003,1.490574168898907,33.40290334089747,6.0,-12.708554774241634,-18.970806420256476,5.801976342947851,0.8313798506553054,44.97166448902236,1.0,-14.089152742229366,-19.286916736240308,5.202265199108979,0.927420786565924,31.197288513183597,5.0,-12.259784225908188,-21.66176386214587,9.128907926158409,0.4356069458677562,42.70955657958984,2.0
wheat_2024_25,2025-04-18,0.0357999987900257,0.070200003683567,0.1106000021100044,0.1392000019550323,0.1590999960899353,0.1746000051498413,0.1870000064373016,0.2060000002384185,0.2203000038862228,0.1591999977827072,0.323159784078598,0.2556714219374394,0.1935859769582748,0.4557787234085157,0.1432942978378331,0.1206956729292869,-0.0816834418666828,1.0,1.0,0.8588235294117647,57,3.1255129999999998,2,1,1,-12.677682956083387,-18.5713203284841,6.721375283185758,0.7017015320278892,33.39934539794922,1.0,-12.708554774241634,-18.970806420256476,5.801976342947851,0.8313798506553054,44.97166448902236,6.0,-11.844226225269113,-19.099649476311303,7.139858709705143,0.6476788883932085,31.198829650878903,2.0,-12.259784225908188,-21.66176386214587,9.128907926158409,0.4356069458677562,42.70955657958984,3.0
wheat_2024_25,2025-04-20,0.04909999947994945,0.08304999768733975,0.1245000027120113,0.15440000593662262,0.1744999960064888,0.1932500004768371,0.199146878439933,0.22244999557733536,0.23884999752044675,0.17315000295639033,0.3214558918494731,0.22922486439347264,0.17827019095420832,0.417131177149713,0.1352088797264428,0.11868047326683034,-0.08884592385804535,1.0,1.0,0.8588235294117648,57,22.675537,2,2,1,-12.677682956083387,-18.5713203284841,6.721375283185758,0.7017015320278892,33.39934539794922,1.0,-14.765796128495264,-22.28752321848085,7.407279407889314,0.6149468141520412,44.97687937336185,4.0,-11.844226225269113,-19.099649476311303,7.139858709705143,0.6476788883932085,31.198829650878903,0.0,-12.259784225908188,-21.66176386214587,9.128907926158409,0.4356069458677562,42.70955657958984,5.0
wheat_2024_25,2025-04-23,0.052249999716877896,0.0824750028550624,0.13051525218055599,0.15639999508857721,0.17144999653100967,0.191550001502037,0.21002500131726265,0.22140000015497205,0.25284999608993525,0.1903000026941299,0.31188865005969996,0.23370558342763353,0.17034399509429932,0.4356883144020637,0.14205360102969927,0.1247103159644653,-0.09094834221372095,1.0,1.0,0.8784313725490196,57,0.0376775,2,2,1,-12.677682956083387,-18.5713203284841,6.721375283185758,0.7017015320278892,33.39934539794922,4.0,-14.765796128495264,-22.28752321848085,7.407279407889314,0.6149468141520412,44.97687937336185,1.0,-11.844226225269113,-19.099649476311303,7.139858709705143,0.6476788883932085,31.198829650878903,3.0,-14.58579378601872,-23.079718500426463,7.964066708711114,0.5511482901662611,42.6922607421875,4.0
wheat_2024_25,2025-04-28,,,,,,,,,,,,,,,,,,1.0,0.0,0.0529411764705882,0,12.328320000000001,2,0,0,-13.333848250686057,-23.78192199426926,10.457329679267936,0.3302930172125766,33.396860122680664,3.0,-14.765796128495264,-22.28752321848085,7.407279407889314,0.6149468141520412,44.97687937336185,4.0,-9.312277352655387,-16.134723908421034,7.173295256657969,0.6435115434870634,31.19115829467773,4.0,-14.58579378601872,-23.079718500426463,7.964066708711114,0.5511482901662611,42.6922607421875,1.0
wheat_2024_25,2025-05-03,0.0643999986350536,0.10229999944567675,0.1582341542457296,0.188850000500679,0.2050499990582466,0.22834999859333036,0.2343000024557113,0.2591999918222427,0.2922499924898147,0.21525000035762784,0.31325482949614525,0.19706763327121735,0.16088554263114924,0.39252104610204697,0.12981243589257985,0.11271703534221936,-0.10591648358802865,1.0,1.0,0.8686274509803922,57,17.685677,2,2,1,-13.333848250686057,-23.78192199426926,10.457329679267936,0.3302930172125766,33.396860122680664,2.0,-11.058401345233186,-19.431444608833857,8.827767960903964,0.4653788647723662,44.97480010986328,3.0,-9.312277352655387,-16.134723908421034,7.173295256657969,0.6435115434870634,31.19115829467773,1.0,-14.58579378601872,-23.079718500426463,7.964066708711114,0.5511482901662611,42.6922607421875,6.0
wheat_2024_25,2025-05-08,0.062350001186132396,0.09525000303983686,0.13690000027418137,0.16444999724626536,0.1891499981284141,0.2027499973773956,0.2087999954819679,0.2297499999403953,0.3099000006914139,0.2369499951601028,0.3246975531180699,0.20219260640442366,0.16447363048791885,0.3684035688638686,0.12492697810133294,0.11310149356722825,-0.1980931013822555,1.0,1.0,0.884313725490196,57,27.775426,2,2,1,,,,,,,-11.058401345233186,-19.431444608833857,8.827767960903964,0.4653788647723662,44.97480010986328,2.0,-9.312277352655387,-16.134723908421034,7.173295256657969,0.6435115434870634,31.19115829467773,6.0,-10.678771179989504,-15.31929689303875,4.553143318596417,1.0348342697628756,42.70101165771485,1.0
