feature_set,model,test_season,mask_fraction,repeat,macro_f1,balanced_accuracy
S2_only,SVM_RBF,wheat_2023_24,0.0,0,0.47870370370370374,0.5261904761904762
S2_only,SVM_RBF,wheat_2023_24,0.0,1,0.47870370370370374,0.5261904761904762
S2_only,SVM_RBF,wheat_2023_24,0.0,2,0.47870370370370374,0.5261904761904762
S2_only,SVM_RBF,wheat_2023_24,0.0,3,0.47870370370370374,0.5261904761904762
S2_only,SVM_RBF,wheat_2023_24,0.0,4,0.47870370370370374,0.5261904761904762
S2_only,SVM_RBF,wheat_2023_24,0.0,5,0.47870370370370374,0.5261904761904762
S2_only,SVM_RBF,wheat_2023_24,0.0,6,0.47870370370370374,0.5261904761904762
S2_only,SVM_RBF,wheat_2023_24,0.0,7,0.47870370370370374,0.5261904761904762
S2_only,SVM_RBF,wheat_2023_24,0.0,8,0.47870370370370374,0.5261904761904762
S2_only,SVM_RBF,wheat_2023_24,0.0,9,0.47870370370370374,0.5261904761904762
S2_only,SVM_RBF,wheat_2023_24,0.0,10,0.47870370370370374,0.5261904761904762
S2_only,SVM_RBF,wheat_2023_24,0.0,11,0.47870370370370374,0.5261904761904762
S2_only,SVM_RBF,wheat_2023_24,0.0,12,0.47870370370370374,0.5261904761904762
S2_only,SVM_RBF,wheat_2023_24,0.0,13,0.47870370370370374,0.5261904761904762
S2_only,SVM_RBF,wheat_2023_24,0.0,14,0.47870370370370374,0.5261904761904762
S2_only,SVM_RBF,wheat_2023_24,0.0,15,0.47870370370370374,0.5261904761904762
S2_only,SVM_RBF,wheat_2023_24,0.0,16,0.47870370370370374,0.5261904761904762
S2_only,SVM_RBF,wheat_2023_24,0.0,17,0.47870370370370374,0.5261904761904762
S2_only,SVM_RBF,wheat_2023_24,0.0,18,0.47870370370370374,0.5261904761904762
S2_only,SVM_RBF,wheat_2023_24,0.0,19,0.47870370370370374,0.5261904761904762
S2_only,SVM_RBF,wheat_2023_24,0.0,20,0.47870370370370374,0.5261904761904762
S2_only,SVM_RBF,wheat_2023_24,0.0,21,0.47870370370370374,0.5261904761904762
S2_only,SVM_RBF,wheat_2023_24,0.0,22,0.47870370370370374,0.5261904761904762
S2_only,SVM_RBF,wheat_2023_24,0.0,23,0.47870370370370374,0.5261904761904762
S2_only,SVM_RBF,wheat_2023_24,0.0,24,0.47870370370370374,0.5261904761904762
S2_only,SVM_RBF,wheat_2024_25,0.0,0,0.4388235294117647,0.5138888888888888
S2_only,SVM_RBF,wheat_2024_25,0.0,1,0.4388235294117647,0.5138888888888888
S2_only,SVM_RBF,wheat_2024_25,0.0,2,0.4388235294117647,0.5138888888888888
S2_only,SVM_RBF,wheat_2024_25,0.0,3,0.4388235294117647,0.5138888888888888
S2_only,SVM_RBF,wheat_2024_25,0.0,4,0.4388235294117647,0.5138888888888888
S2_only,SVM_RBF,wheat_2024_25,0.0,5,0.4388235294117647,0.5138888888888888
S2_only,SVM_RBF,wheat_2024_25,0.0,6,0.4388235294117647,0.5138888888888888
S2_only,SVM_RBF,wheat_2024_25,0.0,7,0.4388235294117647,0.5138888888888888
S2_only,SVM_RBF,wheat_2024_25,0.0,8,0.4388235294117647,0.5138888888888888
S2_only,SVM_RBF,wheat_2024_25,0.0,9,0.4388235294117647,0.5138888888888888
S2_only,SVM_RBF,wheat_2024_25,0.0,10,0.4388235294117647,0.5138888888888888
S2_only,SVM_RBF,wheat_2024_25,0.0,11,0.4388235294117647,0.5138888888888888
S2_only,SVM_RBF,wheat_2024_25,0.0,12,0.4388235294117647,0.5138888888888888
S2_only,SVM_RBF,wheat_2024_25,0.0,13,0.4388235294117647,0.5138888888888888
S2_only,SVM_RBF,wheat_2024_25,0.0,14,0.4388235294117647,0.5138888888888888
S2_only,SVM_RBF,wheat_2024_25,0.0,15,0.4388235294117647,0.5138888888888888
S2_only,SVM_RBF,wheat_2024_25,0.0,16,0.4388235294117647,0.5138888888888888
S2_only,SVM_RBF,wheat_2024_25,0.0,17,0.4388235294117647,0.5138888888888888
S2_only,SVM_RBF,wheat_2024_25,0.0,18,0.4388235294117647,0.5138888888888888
S2_only,SVM_RBF,wheat_2024_25,0.0,19,0.4388235294117647,0.5138888888888888
S2_only,SVM_RBF,wheat_2024_25,0.0,20,0.4388235294117647,0.5138888888888888
S2_only,SVM_RBF,wheat_2024_25,0.0,21,0.4388235294117647,0.5138888888888888
S2_only,SVM_RBF,wheat_2024_25,0.0,22,0.4388235294117647,0.5138888888888888
S2_only,SVM_RBF,wheat_2024_25,0.0,23,0.4388235294117647,0.5138888888888888
S2_only,SVM_RBF,wheat_2024_25,0.0,24,0.4388235294117647,0.5138888888888888
S2_only,SVM_RBF,wheat_2023_24,0.2,0,0.4284178187403994,0.4345238095238095
S2_only,SVM_RBF,wheat_2023_24,0.2,1,0.39861054766734283,0.44523809523809516
S2_only,SVM_RBF,wheat_2023_24,0.2,2,0.4832183908045978,0.5011904761904762
S2_only,SVM_RBF,wheat_2023_24,0.2,3,0.3602385470317159,0.3952380952380952
S2_only,SVM_RBF,wheat_2023_24,0.2,4,0.46039215686274504,0.48690476190476184
S2_only,SVM_RBF,wheat_2023_24,0.2,5,0.45999999999999996,0.5011904761904762
S2_only,SVM_RBF,wheat_2023_24,0.2,6,0.47870370370370374,0.5261904761904762
S2_only,SVM_RBF,wheat_2023_24,0.2,7,0.3553225806451613,0.40595238095238095
S2_only,SVM_RBF,wheat_2023_24,0.2,8,0.39032258064516123,0.4261904761904762
S2_only,SVM_RBF,wheat_2023_24,0.2,9,0.3725,0.40595238095238095
S2_only,SVM_RBF,wheat_2023_24,0.2,10,0.3728571428571429,0.42023809523809524
S2_only,SVM_RBF,wheat_2023_24,0.2,11,0.3915130568356375,0.44761904761904764
S2_only,SVM_RBF,wheat_2023_24,0.2,12,0.38039215686274513,0.42023809523809524
S2_only,SVM_RBF,wheat_2023_24,0.2,13,0.41344537815126053,0.4345238095238095
S2_only,SVM_RBF,wheat_2023_24,0.2,14,0.39861054766734283,0.44523809523809516
S2_only,SVM_RBF,wheat_2023_24,0.2,15,0.39083540115798177,0.4095238095238095
S2_only,SVM_RBF,wheat_2023_24,0.2,16,0.38039215686274513,0.42023809523809524
S2_only,SVM_RBF,wheat_2023_24,0.2,17,0.36789215686274507,0.4119047619047619
S2_only,SVM_RBF,wheat_2023_24,0.2,18,0.31539215686274513,0.37857142857142856
S2_only,SVM_RBF,wheat_2023_24,0.2,19,0.33763574660633483,0.3702380952380952
S2_only,SVM_RBF,wheat_2023_24,0.2,20,0.35004662004662,0.3952380952380952
S2_only,SVM_RBF,wheat_2023_24,0.2,21,0.4471794871794872,0.47619047619047616
S2_only,SVM_RBF,wheat_2023_24,0.2,22,0.4534453781512605,0.5011904761904762
S2_only,SVM_RBF,wheat_2023_24,0.2,23,0.37333333333333335,0.4309523809523809
S2_only,SVM_RBF,wheat_2023_24,0.2,24,0.4534453781512605,0.5011904761904762
S2_only,SVM_RBF,wheat_2024_25,0.2,0,0.3609523809523809,0.4201388888888889
S2_only,SVM_RBF,wheat_2024_25,0.2,1,0.3657142857142857,0.41666666666666663
S2_only,SVM_RBF,wheat_2024_25,0.2,2,0.34380952380952384,0.3888888888888889
S2_only,SVM_RBF,wheat_2024_25,0.2,3,0.4102631578947368,0.4826388888888889
S2_only,SVM_RBF,wheat_2024_25,0.2,4,0.29831932773109243,0.3888888888888889
S2_only,SVM_RBF,wheat_2024_25,0.2,5,0.4276190476190476,0.5104166666666666
S2_only,SVM_RBF,wheat_2024_25,0.2,6,0.40727272727272723,0.4756944444444444
S2_only,SVM_RBF,wheat_2024_25,0.2,7,0.43928571428571433,0.5104166666666666
S2_only,SVM_RBF,wheat_2024_25,0.2,8,0.5066666666666666,0.5972222222222222
S2_only,SVM_RBF,wheat_2024_25,0.2,9,0.4152380952380952,0.47916666666666663
S2_only,SVM_RBF,wheat_2024_25,0.2,10,0.4396491228070175,0.5104166666666666
S2_only,SVM_RBF,wheat_2024_25,0.2,11,0.48761904761904756,0.5694444444444444
S2_only,SVM_RBF,wheat_2024_25,0.2,12,0.3919298245614035,0.4513888888888889
S2_only,SVM_RBF,wheat_2024_25,0.2,13,0.42095238095238097,0.47916666666666663
S2_only,SVM_RBF,wheat_2024_25,0.2,14,0.4609523809523809,0.5381944444444444
S2_only,SVM_RBF,wheat_2024_25,0.2,15,0.48,0.5381944444444444
S2_only,SVM_RBF,wheat_2024_25,0.2,16,0.4563157894736841,0.5416666666666666
S2_only,SVM_RBF,wheat_2024_25,0.2,17,0.36214285714285716,0.4201388888888889
S2_only,SVM_RBF,wheat_2024_25,0.2,18,0.4895238095238096,0.5659722222222222
S2_only,SVM_RBF,wheat_2024_25,0.2,19,0.43714285714285717,0.5069444444444444
S2_only,SVM_RBF,wheat_2024_25,0.2,20,0.3865934065934066,0.44791666666666663
S2_only,SVM_RBF,wheat_2024_25,0.2,21,0.3354621848739496,0.41666666666666663
S2_only,SVM_RBF,wheat_2024_25,0.2,22,0.3352380952380952,0.41666666666666663
S2_only,SVM_RBF,wheat_2024_25,0.2,23,0.4133333333333333,0.4756944444444444
S2_only,SVM_RBF,wheat_2024_25,0.2,24,0.367406015037594,0.4201388888888889
S2_only,SVM_RBF,wheat_2023_24,0.4,0,0.21186868686868685,0.2642857142857143
S2_only,SVM_RBF,wheat_2023_24,0.4,1,0.23921375921375923,0.31666666666666665
S2_only,SVM_RBF,wheat_2023_24,0.4,2,0.3602385470317159,0.3952380952380952
S2_only,SVM_RBF,wheat_2023_24,0.4,3,0.326797385620915,0.37619047619047613
S2_only,SVM_RBF,wheat_2023_24,0.4,4,0.41081585081585076,0.4726190476190476
S2_only,SVM_RBF,wheat_2023_24,0.4,5,0.25498423145481974,0.30357142857142855
S2_only,SVM_RBF,wheat_2023_24,0.4,6,0.2848484848484848,0.31785714285714284
S2_only,SVM_RBF,wheat_2023_24,0.4,7,0.371941391941392,0.40595238095238095
S2_only,SVM_RBF,wheat_2023_24,0.4,8,0.26719457013574666,0.32857142857142857
S2_only,SVM_RBF,wheat_2023_24,0.4,9,0.33474407944996176,0.35952380952380947
S2_only,SVM_RBF,wheat_2023_24,0.4,10,0.43004662004662003,0.4619047619047619
S2_only,SVM_RBF,wheat_2023_24,0.4,11,0.34318181818181814,0.3976190476190476
S2_only,SVM_RBF,wheat_2023_24,0.4,12,0.3985026737967915,0.4119047619047619
S2_only,SVM_RBF,wheat_2023_24,0.4,13,0.33042986425339366,0.3559523809523809
S2_only,SVM_RBF,wheat_2023_24,0.4,14,0.36719457013574663,0.3952380952380952
S2_only,SVM_RBF,wheat_2023_24,0.4,15,0.35745098039215684,0.3952380952380952
S2_only,SVM_RBF,wheat_2023_24,0.4,16,0.3654298642533937,0.4083333333333333
S2_only,SVM_RBF,wheat_2023_24,0.4,17,0.3362770562770563,0.39166666666666666
S2_only,SVM_RBF,wheat_2023_24,0.4,18,0.31555555555555553,0.3559523809523809
S2_only,SVM_RBF,wheat_2023_24,0.4,19,0.3857534622240505,0.3952380952380952
S2_only,SVM_RBF,wheat_2023_24,0.4,20,0.34117216117216115,0.38095238095238093
S2_only,SVM_RBF,wheat_2023_24,0.4,21,0.33042986425339366,0.3559523809523809
S2_only,SVM_RBF,wheat_2023_24,0.4,22,0.4059873949579832,0.42023809523809524
S2_only,SVM_RBF,wheat_2023_24,0.4,23,0.46081585081585086,0.48690476190476184
S2_only,SVM_RBF,wheat_2023_24,0.4,24,0.3185026737967914,0.34523809523809523
S2_only,SVM_RBF,wheat_2024_25,0.4,0,0.43034965034965034,0.5069444444444444
S2_only,SVM_RBF,wheat_2024_25,0.4,1,0.38195891065456283,0.4444444444444444
S2_only,SVM_RBF,wheat_2024_25,0.4,2,0.45913043478260873,0.5347222222222222
S2_only,SVM_RBF,wheat_2024_25,0.4,3,0.3940909090909091,0.44791666666666663
S2_only,SVM_RBF,wheat_2024_25,0.4,4,0.27695238095238095,0.35416666666666663
S2_only,SVM_RBF,wheat_2024_25,0.4,5,0.3367287784679089,0.38541666666666663
S2_only,SVM_RBF,wheat_2024_25,0.4,6,0.22564102564102564,0.29166666666666663
S2_only,SVM_RBF,wheat_2024_25,0.4,7,0.3283325370281892,0.4131944444444444
S2_only,SVM_RBF,wheat_2024_25,0.4,8,0.33379837553750596,0.38541666666666663
S2_only,SVM_RBF,wheat_2024_25,0.4,9,0.37757575757575756,0.4513888888888889
S2_only,SVM_RBF,wheat_2024_25,0.4,10,0.2642857142857143,0.35416666666666663
S2_only,SVM_RBF,wheat_2024_25,0.4,11,0.2666666666666667,0.3506944444444444
S2_only,SVM_RBF,wheat_2024_25,0.4,12,0.27577639751552796,0.35416666666666663
S2_only,SVM_RBF,wheat_2024_25,0.4,13,0.27564102564102566,0.3506944444444444
S2_only,SVM_RBF,wheat_2024_25,0.4,14,0.3576811594202899,0.41666666666666663
S2_only,SVM_RBF,wheat_2024_25,0.4,15,0.4493581780538302,0.5069444444444444
S2_only,SVM_RBF,wheat_2024_25,0.4,16,0.4152380952380952,0.47916666666666663
S2_only,SVM_RBF,wheat_2024_25,0.4,17,0.3746666666666667,0.4409722222222222
S2_only,SVM_RBF,wheat_2024_25,0.4,18,0.355776397515528,0.41666666666666663
S2_only,SVM_RBF,wheat_2024_25,0.4,19,0.253798375537506,0.32291666666666663
S2_only,SVM_RBF,wheat_2024_25,0.4,20,0.33766233766233766,0.41666666666666663
S2_only,SVM_RBF,wheat_2024_25,0.4,21,0.33952380952380956,0.4131944444444444
S2_only,SVM_RBF,wheat_2024_25,0.4,22,0.31933747412008284,0.3576388888888889
S2_only,SVM_RBF,wheat_2024_25,0.4,23,0.3140909090909091,0.38541666666666663
S2_only,SVM_RBF,wheat_2024_25,0.4,24,0.30628571428571433,0.3819444444444444
S2_only,SVM_RBF,wheat_2023_24,0.6,0,0.37476190476190474,0.3952380952380952
S2_only,SVM_RBF,wheat_2023_24,0.6,1,0.26093093093093095,0.3202380952380952
S2_only,SVM_RBF,wheat_2023_24,0.6,2,0.1975638740344623,0.25357142857142856
S2_only,SVM_RBF,wheat_2023_24,0.6,3,0.1117948717948718,0.2
S2_only,SVM_RBF,wheat_2023_24,0.6,4,0.28888888888888886,0.37261904761904757
S2_only,SVM_RBF,wheat_2023_24,0.6,5,0.30483660130718954,0.36190476190476184
S2_only,SVM_RBF,wheat_2023_24,0.6,6,0.26093093093093095,0.3202380952380952
S2_only,SVM_RBF,wheat_2023_24,0.6,7,0.3241176470588235,0.3702380952380952
S2_only,SVM_RBF,wheat_2023_24,0.6,8,0.1806756756756757,0.23928571428571427
S2_only,SVM_RBF,wheat_2023_24,0.6,9,0.31186868686868685,0.33095238095238094
S2_only,SVM_RBF,wheat_2023_24,0.6,10,0.24648648648648647,0.3142857142857143
S2_only,SVM_RBF,wheat_2023_24,0.6,11,0.22807692307692307,0.28928571428571426
S2_only,SVM_RBF,wheat_2023_24,0.6,12,0.20277777777777778,0.2642857142857143
S2_only,SVM_RBF,wheat_2023_24,0.6,13,0.32666666666666666,0.3345238095238095
S2_only,SVM_RBF,wheat_2023_24,0.6,14,0.27476190476190476,0.32857142857142857
S2_only,SVM_RBF,wheat_2023_24,0.6,15,0.27194139194139194,0.3392857142857143
S2_only,SVM_RBF,wheat_2023_24,0.6,16,0.24888888888888888,0.3142857142857143
S2_only,SVM_RBF,wheat_2023_24,0.6,17,0.3241176470588235,0.3702380952380952
S2_only,SVM_RBF,wheat_2023_24,0.6,18,0.2603921568627451,0.3369047619047619
S2_only,SVM_RBF,wheat_2023_24,0.6,19,0.20483660130718956,0.25357142857142856
S2_only,SVM_RBF,wheat_2023_24,0.6,20,0.1806756756756757,0.23928571428571427
S2_only,SVM_RBF,wheat_2023_24,0.6,21,0.3030769230769231,0.3416666666666667
S2_only,SVM_RBF,wheat_2023_24,0.6,22,0.31161616161616157,0.34523809523809523
S2_only,SVM_RBF,wheat_2023_24,0.6,23,0.3488888888888889,0.38095238095238093
S2_only,SVM_RBF,wheat_2023_24,0.6,24,0.18666666666666668,0.24285714285714283
S2_only,SVM_RBF,wheat_2024_25,0.6,0,0.2542857142857143,0.3506944444444444
S2_only,SVM_RBF,wheat_2024_25,0.6,1,0.24945054945054945,0.32291666666666663
S2_only,SVM_RBF,wheat_2024_25,0.6,2,0.2985185185185185,0.3784722222222222
S2_only,SVM_RBF,wheat_2024_25,0.6,3,0.27999999999999997,0.3506944444444444
S2_only,SVM_RBF,wheat_2024_25,0.6,4,0.15238095238095237,0.22916666666666666
S2_only,SVM_RBF,wheat_2024_25,0.6,5,0.15384615384615385,0.22916666666666666
S2_only,SVM_RBF,wheat_2024_25,0.6,6,0.3175624375624375,0.3819444444444444
S2_only,SVM_RBF,wheat_2024_25,0.6,7,0.3033766233766234,0.3784722222222222
S2_only,SVM_RBF,wheat_2024_25,0.6,8,0.2837037037037037,0.3506944444444444
S2_only,SVM_RBF,wheat_2024_25,0.6,9,0.39282051282051283,0.4722222222222222
S2_only,SVM_RBF,wheat_2024_25,0.6,10,0.2564102564102564,0.3472222222222222
S2_only,SVM_RBF,wheat_2024_25,0.6,11,0.3022222222222222,0.35416666666666663
S2_only,SVM_RBF,wheat_2024_25,0.6,12,0.19428571428571428,0.2847222222222222
S2_only,SVM_RBF,wheat_2024_25,0.6,13,0.34914285714285714,0.4131944444444444
S2_only,SVM_RBF,wheat_2024_25,0.6,14,0.2942857142857143,0.3784722222222222
S2_only,SVM_RBF,wheat_2024_25,0.6,15,0.20084656084656083,0.2881944444444444
S2_only,SVM_RBF,wheat_2024_25,0.6,16,0.15478927203065135,0.2534722222222222
S2_only,SVM_RBF,wheat_2024_25,0.6,17,0.4176410256410256,0.4756944444444444
S2_only,SVM_RBF,wheat_2024_25,0.6,18,0.4228571428571429,0.5034722222222222
S2_only,SVM_RBF,wheat_2024_25,0.6,19,0.262,0.3819444444444444
S2_only,SVM_RBF,wheat_2024_25,0.6,20,0.2804195804195804,0.3819444444444444
S2_only,SVM_RBF,wheat_2024_25,0.6,21,0.23555555555555557,0.29166666666666663
S2_only,SVM_RBF,wheat_2024_25,0.6,22,0.16927899686520376,0.2569444444444444
S2_only,SVM_RBF,wheat_2024_25,0.6,23,0.2902857142857143,0.35416666666666663
S2_only,SVM_RBF,wheat_2024_25,0.6,24,0.30518518518518517,0.3784722222222222
S1_S2_fusion,RandomForest,wheat_2023_24,0.0,0,0.4957846210584547,0.5297619047619048
S1_S2_fusion,RandomForest,wheat_2023_24,0.0,1,0.4957846210584547,0.5297619047619048
S1_S2_fusion,RandomForest,wheat_2023_24,0.0,2,0.4957846210584547,0.5297619047619048
S1_S2_fusion,RandomForest,wheat_2023_24,0.0,3,0.4957846210584547,0.5297619047619048
S1_S2_fusion,RandomForest,wheat_2023_24,0.0,4,0.4957846210584547,0.5297619047619048
S1_S2_fusion,RandomForest,wheat_2023_24,0.0,5,0.4957846210584547,0.5297619047619048
S1_S2_fusion,RandomForest,wheat_2023_24,0.0,6,0.4957846210584547,0.5297619047619048
S1_S2_fusion,RandomForest,wheat_2023_24,0.0,7,0.4957846210584547,0.5297619047619048
S1_S2_fusion,RandomForest,wheat_2023_24,0.0,8,0.4957846210584547,0.5297619047619048
S1_S2_fusion,RandomForest,wheat_2023_24,0.0,9,0.4957846210584547,0.5297619047619048
S1_S2_fusion,RandomForest,wheat_2023_24,0.0,10,0.4957846210584547,0.5297619047619048
S1_S2_fusion,RandomForest,wheat_2023_24,0.0,11,0.4957846210584547,0.5297619047619048
S1_S2_fusion,RandomForest,wheat_2023_24,0.0,12,0.4957846210584547,0.5297619047619048
S1_S2_fusion,RandomForest,wheat_2023_24,0.0,13,0.4957846210584547,0.5297619047619048
S1_S2_fusion,RandomForest,wheat_2023_24,0.0,14,0.4957846210584547,0.5297619047619048
S1_S2_fusion,RandomForest,wheat_2023_24,0.0,15,0.4957846210584547,0.5297619047619048
S1_S2_fusion,RandomForest,wheat_2023_24,0.0,16,0.4957846210584547,0.5297619047619048
S1_S2_fusion,RandomForest,wheat_2023_24,0.0,17,0.4957846210584547,0.5297619047619048
S1_S2_fusion,RandomForest,wheat_2023_24,0.0,18,0.4957846210584547,0.5297619047619048
S1_S2_fusion,RandomForest,wheat_2023_24,0.0,19,0.4957846210584547,0.5297619047619048
S1_S2_fusion,RandomForest,wheat_2023_24,0.0,20,0.4957846210584547,0.5297619047619048
S1_S2_fusion,RandomForest,wheat_2023_24,0.0,21,0.4957846210584547,0.5297619047619048
S1_S2_fusion,RandomForest,wheat_2023_24,0.0,22,0.4957846210584547,0.5297619047619048
S1_S2_fusion,RandomForest,wheat_2023_24,0.0,23,0.4957846210584547,0.5297619047619048
S1_S2_fusion,RandomForest,wheat_2023_24,0.0,24,0.4957846210584547,0.5297619047619048
S1_S2_fusion,RandomForest,wheat_2024_25,0.0,0,0.4795518207282913,0.6388888888888888
S1_S2_fusion,RandomForest,wheat_2024_25,0.0,1,0.4795518207282913,0.6388888888888888
S1_S2_fusion,RandomForest,wheat_2024_25,0.0,2,0.4795518207282913,0.6388888888888888
S1_S2_fusion,RandomForest,wheat_2024_25,0.0,3,0.4795518207282913,0.6388888888888888
S1_S2_fusion,RandomForest,wheat_2024_25,0.0,4,0.4795518207282913,0.6388888888888888
S1_S2_fusion,RandomForest,wheat_2024_25,0.0,5,0.4795518207282913,0.6388888888888888
S1_S2_fusion,RandomForest,wheat_2024_25,0.0,6,0.4795518207282913,0.6388888888888888
S1_S2_fusion,RandomForest,wheat_2024_25,0.0,7,0.4795518207282913,0.6388888888888888
S1_S2_fusion,RandomForest,wheat_2024_25,0.0,8,0.4795518207282913,0.6388888888888888
S1_S2_fusion,RandomForest,wheat_2024_25,0.0,9,0.4795518207282913,0.6388888888888888
S1_S2_fusion,RandomForest,wheat_2024_25,0.0,10,0.4795518207282913,0.6388888888888888
S1_S2_fusion,RandomForest,wheat_2024_25,0.0,11,0.4795518207282913,0.6388888888888888
S1_S2_fusion,RandomForest,wheat_2024_25,0.0,12,0.4795518207282913,0.6388888888888888
S1_S2_fusion,RandomForest,wheat_2024_25,0.0,13,0.4795518207282913,0.6388888888888888
S1_S2_fusion,RandomForest,wheat_2024_25,0.0,14,0.4795518207282913,0.6388888888888888
S1_S2_fusion,RandomForest,wheat_2024_25,0.0,15,0.4795518207282913,0.6388888888888888
S1_S2_fusion,RandomForest,wheat_2024_25,0.0,16,0.4795518207282913,0.6388888888888888
S1_S2_fusion,RandomForest,wheat_2024_25,0.0,17,0.4795518207282913,0.6388888888888888
S1_S2_fusion,RandomForest,wheat_2024_25,0.0,18,0.4795518207282913,0.6388888888888888
S1_S2_fusion,RandomForest,wheat_2024_25,0.0,19,0.4795518207282913,0.6388888888888888
S1_S2_fusion,RandomForest,wheat_2024_25,0.0,20,0.4795518207282913,0.6388888888888888
S1_S2_fusion,RandomForest,wheat_2024_25,0.0,21,0.4795518207282913,0.6388888888888888
S1_S2_fusion,RandomForest,wheat_2024_25,0.0,22,0.4795518207282913,0.6388888888888888
S1_S2_fusion,RandomForest,wheat_2024_25,0.0,23,0.4795518207282913,0.6388888888888888
S1_S2_fusion,RandomForest,wheat_2024_25,0.0,24,0.4795518207282913,0.6388888888888888
S1_S2_fusion,RandomForest,wheat_2023_24,0.2,0,0.4654761904761905,0.46309523809523806
S1_S2_fusion,RandomForest,wheat_2023_24,0.2,1,0.48450980392156867,0.488095238095238
S1_S2_fusion,RandomForest,wheat_2023_24,0.2,2,0.5051060893565638,0.5297619047619048
S1_S2_fusion,RandomForest,wheat_2023_24,0.2,3,0.45471182412358885,0.46309523809523806
S1_S2_fusion,RandomForest,wheat_2023_24,0.2,4,0.5345098039215687,0.5547619047619048
S1_S2_fusion,RandomForest,wheat_2023_24,0.2,5,0.5131720430107526,0.5297619047619048
S1_S2_fusion,RandomForest,wheat_2023_24,0.2,6,0.4991562685680332,0.5297619047619048
S1_S2_fusion,RandomForest,wheat_2023_24,0.2,7,0.45471182412358885,0.46309523809523806
S1_S2_fusion,RandomForest,wheat_2023_24,0.2,8,0.474090909090909,0.5047619047619047
S1_S2_fusion,RandomForest,wheat_2023_24,0.2,9,0.4551060893565637,0.46309523809523806
S1_S2_fusion,RandomForest,wheat_2023_24,0.2,10,0.45471182412358885,0.46309523809523806
S1_S2_fusion,RandomForest,wheat_2023_24,0.2,11,0.5072222222222222,0.5297619047619048
S1_S2_fusion,RandomForest,wheat_2023_24,0.2,12,0.48450980392156867,0.488095238095238
S1_S2_fusion,RandomForest,wheat_2023_24,0.2,13,0.4551060893565637,0.46309523809523806
S1_S2_fusion,RandomForest,wheat_2023_24,0.2,14,0.48450980392156867,0.488095238095238
S1_S2_fusion,RandomForest,wheat_2023_24,0.2,15,0.45471182412358885,0.46309523809523806
S1_S2_fusion,RandomForest,wheat_2023_24,0.2,16,0.45471182412358885,0.46309523809523806
S1_S2_fusion,RandomForest,wheat_2023_24,0.2,17,0.47781850765721734,0.5047619047619047
S1_S2_fusion,RandomForest,wheat_2023_24,0.2,18,0.4245098039215686,0.42142857142857143
S1_S2_fusion,RandomForest,wheat_2023_24,0.2,19,0.4102020202020202,0.41309523809523807
S1_S2_fusion,RandomForest,wheat_2023_24,0.2,20,0.43337406321277283,0.43809523809523804
S1_S2_fusion,RandomForest,wheat_2023_24,0.2,21,0.4957846210584547,0.5297619047619048
S1_S2_fusion,RandomForest,wheat_2023_24,0.2,22,0.5289159341897679,0.5547619047619048
S1_S2_fusion,RandomForest,wheat_2023_24,0.2,23,0.4551060893565637,0.46309523809523806
S1_S2_fusion,RandomForest,wheat_2023_24,0.2,24,0.5289159341897679,0.5547619047619048
S1_S2_fusion,RandomForest,wheat_2024_25,0.2,0,0.36666666666666664,0.5138888888888888
S1_S2_fusion,RandomForest,wheat_2024_25,0.2,1,0.4403463203463204,0.6041666666666666
S1_S2_fusion,RandomForest,wheat_2024_25,0.2,2,0.45103785103785105,0.6076388888888888
S1_S2_fusion,RandomForest,wheat_2024_25,0.2,3,0.42442890442890446,0.5729166666666666
S1_S2_fusion,RandomForest,wheat_2024_25,0.2,4,0.43167008430166326,0.5763888888888888
S1_S2_fusion,RandomForest,wheat_2024_25,0.2,5,0.4885714285714286,0.6354166666666666
S1_S2_fusion,RandomForest,wheat_2024_25,0.2,6,0.533073593073593,0.6944444444444444
S1_S2_fusion,RandomForest,wheat_2024_25,0.2,7,0.48659340659340666,0.6354166666666666
S1_S2_fusion,RandomForest,wheat_2024_25,0.2,8,0.533073593073593,0.6944444444444444
S1_S2_fusion,RandomForest,wheat_2024_25,0.2,9,0.39757085020242916,0.5451388888888888
S1_S2_fusion,RandomForest,wheat_2024_25,0.2,10,0.4739348370927319,0.6354166666666666
S1_S2_fusion,RandomForest,wheat_2024_25,0.2,11,0.572121212121212,0.7222222222222222
S1_S2_fusion,RandomForest,wheat_2024_25,0.2,12,0.4195488721804511,0.5763888888888888
S1_S2_fusion,RandomForest,wheat_2024_25,0.2,13,0.5073593073593073,0.6666666666666666
S1_S2_fusion,RandomForest,wheat_2024_25,0.2,14,0.48659340659340666,0.6354166666666666
S1_S2_fusion,RandomForest,wheat_2024_25,0.2,15,0.516059379217274,0.6666666666666666
S1_S2_fusion,RandomForest,wheat_2024_25,0.2,16,0.4527227158806106,0.6041666666666666
S1_S2_fusion,RandomForest,wheat_2024_25,0.2,17,0.5148872180451127,0.6666666666666666
S1_S2_fusion,RandomForest,wheat_2024_25,0.2,18,0.4739348370927319,0.6354166666666666
S1_S2_fusion,RandomForest,wheat_2024_25,0.2,19,0.504029304029304,0.6666666666666666
S1_S2_fusion,RandomForest,wheat_2024_25,0.2,20,0.4019047619047619,0.5729166666666666
S1_S2_fusion,RandomForest,wheat_2024_25,0.2,21,0.48513708513708514,0.6388888888888888
S1_S2_fusion,RandomForest,wheat_2024_25,0.2,22,0.36666666666666664,0.5138888888888888
S1_S2_fusion,RandomForest,wheat_2024_25,0.2,23,0.4795518207282913,0.6388888888888888
S1_S2_fusion,RandomForest,wheat_2024_25,0.2,24,0.4783637415216363,0.6354166666666666
S1_S2_fusion,RandomForest,wheat_2023_24,0.4,0,0.4083333333333333,0.39642857142857146
S1_S2_fusion,RandomForest,wheat_2023_24,0.4,1,0.4631720430107526,0.46309523809523806
S1_S2_fusion,RandomForest,wheat_2023_24,0.4,2,0.5165280007784752,0.513095238095238
S1_S2_fusion,RandomForest,wheat_2023_24,0.4,3,0.4505962854349951,0.4797619047619047
S1_S2_fusion,RandomForest,wheat_2023_24,0.4,4,0.5345098039215687,0.5547619047619048
S1_S2_fusion,RandomForest,wheat_2023_24,0.4,5,0.4245098039215686,0.42142857142857143
S1_S2_fusion,RandomForest,wheat_2023_24,0.4,6,0.42934851359898796,0.42142857142857143
S1_S2_fusion,RandomForest,wheat_2023_24,0.4,7,0.48649137074184506,0.488095238095238
S1_S2_fusion,RandomForest,wheat_2023_24,0.4,8,0.4083333333333333,0.39642857142857146
S1_S2_fusion,RandomForest,wheat_2023_24,0.4,9,0.4340909090909091,0.43809523809523804
S1_S2_fusion,RandomForest,wheat_2023_24,0.4,10,0.5131720430107526,0.5297619047619048
S1_S2_fusion,RandomForest,wheat_2023_24,0.4,11,0.5226190476190476,0.5297619047619048
S1_S2_fusion,RandomForest,wheat_2023_24,0.4,12,0.49974025974025976,0.5047619047619047
S1_S2_fusion,RandomForest,wheat_2023_24,0.4,13,0.4340909090909091,0.43809523809523804
S1_S2_fusion,RandomForest,wheat_2023_24,0.4,14,0.4654761904761905,0.46309523809523806
S1_S2_fusion,RandomForest,wheat_2023_24,0.4,15,0.45471182412358885,0.46309523809523806
S1_S2_fusion,RandomForest,wheat_2023_24,0.4,16,0.48409090909090907,0.5047619047619047
S1_S2_fusion,RandomForest,wheat_2023_24,0.4,17,0.5165280007784752,0.513095238095238
S1_S2_fusion,RandomForest,wheat_2023_24,0.4,18,0.4911764705882353,0.488095238095238
S1_S2_fusion,RandomForest,wheat_2023_24,0.4,19,0.4340909090909091,0.43809523809523804
S1_S2_fusion,RandomForest,wheat_2023_24,0.4,20,0.4366883116883116,0.43809523809523804
S1_S2_fusion,RandomForest,wheat_2023_24,0.4,21,0.4340909090909091,0.43809523809523804
S1_S2_fusion,RandomForest,wheat_2023_24,0.4,22,0.5165280007784752,0.513095238095238
S1_S2_fusion,RandomForest,wheat_2023_24,0.4,23,0.5145530939648586,0.5297619047619048
S1_S2_fusion,RandomForest,wheat_2023_24,0.4,24,0.4340909090909091,0.43809523809523804
S1_S2_fusion,RandomForest,wheat_2024_25,0.4,0,0.467012987012987,0.6319444444444444
S1_S2_fusion,RandomForest,wheat_2024_25,0.4,1,0.38701298701298703,0.5416666666666666
S1_S2_fusion,RandomForest,wheat_2024_25,0.4,2,0.4564102564102564,0.6041666666666666
S1_S2_fusion,RandomForest,wheat_2024_25,0.4,3,0.43204795204795216,0.5729166666666666
S1_S2_fusion,RandomForest,wheat_2024_25,0.4,4,0.32867132867132864,0.4826388888888889
S1_S2_fusion,RandomForest,wheat_2024_25,0.4,5,0.393073593073593,0.5416666666666666
S1_S2_fusion,RandomForest,wheat_2024_25,0.4,6,0.3654545454545455,0.5104166666666666
S1_S2_fusion,RandomForest,wheat_2024_25,0.4,7,0.38701298701298703,0.5416666666666666
S1_S2_fusion,RandomForest,wheat_2024_25,0.4,8,0.4742857142857143,0.6319444444444444
S1_S2_fusion,RandomForest,wheat_2024_25,0.4,9,0.41421245421245423,0.5451388888888888
S1_S2_fusion,RandomForest,wheat_2024_25,0.4,10,0.4527227158806106,0.6041666666666666
S1_S2_fusion,RandomForest,wheat_2024_25,0.4,11,0.35454545454545455,0.5104166666666666
S1_S2_fusion,RandomForest,wheat_2024_25,0.4,12,0.3151515151515151,0.47916666666666663
S1_S2_fusion,RandomForest,wheat_2024_25,0.4,13,0.34909090909090906,0.5104166666666666
S1_S2_fusion,RandomForest,wheat_2024_25,0.4,14,0.4938345864661654,0.6388888888888888
S1_S2_fusion,RandomForest,wheat_2024_25,0.4,15,0.45272727272727276,0.6006944444444444
S1_S2_fusion,RandomForest,wheat_2024_25,0.4,16,0.4552380952380952,0.6041666666666666
S1_S2_fusion,RandomForest,wheat_2024_25,0.4,17,0.40883116883116877,0.5729166666666666
S1_S2_fusion,RandomForest,wheat_2024_25,0.4,18,0.4885714285714286,0.6354166666666666
S1_S2_fusion,RandomForest,wheat_2024_25,0.4,19,0.34909090909090906,0.5104166666666666
S1_S2_fusion,RandomForest,wheat_2024_25,0.4,20,0.45272727272727276,0.6006944444444444
S1_S2_fusion,RandomForest,wheat_2024_25,0.4,21,0.4930735930735931,0.6354166666666666
S1_S2_fusion,RandomForest,wheat_2024_25,0.4,22,0.4406926406926407,0.5763888888888888
S1_S2_fusion,RandomForest,wheat_2024_25,0.4,23,0.39757085020242916,0.5451388888888888
S1_S2_fusion,RandomForest,wheat_2024_25,0.4,24,0.48652989522554735,0.6319444444444444
S1_S2_fusion,RandomForest,wheat_2023_24,0.6,0,0.4704545454545455,0.46309523809523806
S1_S2_fusion,RandomForest,wheat_2023_24,0.6,1,0.4631720430107526,0.46309523809523806
S1_S2_fusion,RandomForest,wheat_2023_24,0.6,2,0.41598901098901103,0.42142857142857143
S1_S2_fusion,RandomForest,wheat_2023_24,0.6,3,0.35693404634581105,0.3464285714285714
S1_S2_fusion,RandomForest,wheat_2023_24,0.6,4,0.48999999999999994,0.5047619047619047
S1_S2_fusion,RandomForest,wheat_2023_24,0.6,5,0.48999999999999994,0.5047619047619047
S1_S2_fusion,RandomForest,wheat_2023_24,0.6,6,0.41121212121212114,0.41309523809523807
S1_S2_fusion,RandomForest,wheat_2023_24,0.6,7,0.4654761904761905,0.46309523809523806
S1_S2_fusion,RandomForest,wheat_2023_24,0.6,8,0.4083333333333333,0.39642857142857146
S1_S2_fusion,RandomForest,wheat_2023_24,0.6,9,0.41407690348866816,0.41309523809523807
S1_S2_fusion,RandomForest,wheat_2023_24,0.6,10,0.41568627450980394,0.42142857142857143
S1_S2_fusion,RandomForest,wheat_2023_24,0.6,11,0.42002262443438915,0.42142857142857143
S1_S2_fusion,RandomForest,wheat_2023_24,0.6,12,0.37333333333333335,0.37142857142857144
S1_S2_fusion,RandomForest,wheat_2023_24,0.6,13,0.4795098039215686,0.46309523809523806
S1_S2_fusion,RandomForest,wheat_2023_24,0.6,14,0.4037878787878787,0.39642857142857146
S1_S2_fusion,RandomForest,wheat_2023_24,0.6,15,0.4245098039215686,0.42142857142857143
S1_S2_fusion,RandomForest,wheat_2023_24,0.6,16,0.39572192513368987,0.39642857142857146
S1_S2_fusion,RandomForest,wheat_2023_24,0.6,17,0.5250226244343892,0.513095238095238
S1_S2_fusion,RandomForest,wheat_2023_24,0.6,18,0.5153515301902398,0.5297619047619048
S1_S2_fusion,RandomForest,wheat_2023_24,0.6,19,0.3795454545454545,0.37142857142857144
S1_S2_fusion,RandomForest,wheat_2023_24,0.6,20,0.4037878787878787,0.39642857142857146
S1_S2_fusion,RandomForest,wheat_2023_24,0.6,21,0.4623885918003564,0.46309523809523806
S1_S2_fusion,RandomForest,wheat_2023_24,0.6,22,0.48168929110105585,0.46309523809523806
S1_S2_fusion,RandomForest,wheat_2023_24,0.6,23,0.5200226244343892,0.488095238095238
S1_S2_fusion,RandomForest,wheat_2023_24,0.6,24,0.3811764705882353,0.37142857142857144
S1_S2_fusion,RandomForest,wheat_2024_25,0.6,0,0.40547008547008545,0.5381944444444444
S1_S2_fusion,RandomForest,wheat_2024_25,0.6,1,0.421133069828722,0.5694444444444444
S1_S2_fusion,RandomForest,wheat_2024_25,0.6,2,0.364163372859025,0.5381944444444444
S1_S2_fusion,RandomForest,wheat_2024_25,0.6,3,0.432774954514085,0.5729166666666666
S1_S2_fusion,RandomForest,wheat_2024_25,0.6,4,0.34044444444444444,0.47916666666666663
S1_S2_fusion,RandomForest,wheat_2024_25,0.6,5,0.36737812911725953,0.5104166666666666
S1_S2_fusion,RandomForest,wheat_2024_25,0.6,6,0.421133069828722,0.5694444444444444
S1_S2_fusion,RandomForest,wheat_2024_25,0.6,7,0.44800000000000006,0.5972222222222222
S1_S2_fusion,RandomForest,wheat_2024_25,0.6,8,0.39644444444444443,0.5381944444444444
S1_S2_fusion,RandomForest,wheat_2024_25,0.6,9,0.4338383838383838,0.5694444444444444
S1_S2_fusion,RandomForest,wheat_2024_25,0.6,10,0.4748880105401844,0.6284722222222222
S1_S2_fusion,RandomForest,wheat_2024_25,0.6,11,0.4425050505050505,0.5694444444444444
S1_S2_fusion,RandomForest,wheat_2024_25,0.6,12,0.39911111111111114,0.5659722222222222
S1_S2_fusion,RandomForest,wheat_2024_25,0.6,13,0.421133069828722,0.5694444444444444
S1_S2_fusion,RandomForest,wheat_2024_25,0.6,14,0.4025296442687748,0.5416666666666666
S1_S2_fusion,RandomForest,wheat_2024_25,0.6,15,0.3833333333333333,0.5381944444444444
S1_S2_fusion,RandomForest,wheat_2024_25,0.6,16,0.39911111111111114,0.5659722222222222
S1_S2_fusion,RandomForest,wheat_2024_25,0.6,17,0.4025296442687748,0.5416666666666666
S1_S2_fusion,RandomForest,wheat_2024_25,0.6,18,0.48307692307692307,0.6319444444444444
S1_S2_fusion,RandomForest,wheat_2024_25,0.6,19,0.42259383128948347,0.5694444444444444
S1_S2_fusion,RandomForest,wheat_2024_25,0.6,20,0.39644444444444443,0.5381944444444444
S1_S2_fusion,RandomForest,wheat_2024_25,0.6,21,0.3654545454545455,0.5104166666666666
S1_S2_fusion,RandomForest,wheat_2024_25,0.6,22,0.40547008547008545,0.5381944444444444
S1_S2_fusion,RandomForest,wheat_2024_25,0.6,23,0.4154589371980676,0.5416666666666666
S1_S2_fusion,RandomForest,wheat_2024_25,0.6,24,0.3661835748792271,0.5381944444444444
