fold,feature,importance_mean,importance_std
0,B2__p00,-0.0011390723146682824,0.000518476068780277
0,B2__p01,-0.0005291205614286754,0.000946293795594022
0,B2__p02,-0.00014617604827174557,0.00026749152846358704
0,B2__p03,-0.0006205962458880054,0.0
0,B2__p04,-0.00025061772201900867,0.00036997852386899677
0,B2__p05,0.00011004825864785461,0.0005237158353831872
0,B2__p06,0.0,0.0
0,B2__p07,0.02779595593923076,0.012698412698412681
0,B2__p08,-0.0008331461873825052,0.0008331461873825052
0,B2__p09,-0.0027541347081935785,0.000755905052323369
0,B2__p10,-0.000245910814527045,0.0006630840486923917
0,B2__p11,-0.0009991148279351048,0.0009991148279351048
0,B2__p12,-0.0009460183510816289,0.0009460183510816289
0,B2__p13,-0.002477142412036809,0.0003503943568401169
0,B2__p14,-0.0018920367021632578,0.0
0,B2__p15,-0.0003102981229440027,0.0003102981229440027
0,B2__p16,0.007136240447836728,0.000255273214347318
0,B2__p17,-0.0005522180530556642,0.0005522180530556642
0,B2__p18,-0.0006029421234099441,0.0006029421234099441
0,B2__p19,0.0034004215948802985,0.0
0,B2__p20,-0.0019745186522844016,8.248195012114379e-05
0,B3__p00,0.0,0.0
0,B3__p01,0.0,0.0
0,B3__p02,0.0,0.0
0,B3__p03,-0.0012382308348940496,0.0012382308348940496
0,B3__p04,0.003788868274028606,0.003788868274028606
0,B3__p05,0.0,0.0
0,B3__p06,0.0,0.0
0,B3__p07,0.0,0.0
0,B3__p08,0.0,0.0
0,B3__p09,0.0,0.0
0,B3__p10,0.0007355654312267701,0.0
0,B3__p11,0.0,0.0
0,B3__p12,-0.0002925273939821671,0.0006357760513449606
0,B3__p13,6.708880336769862e-06,6.708880336769862e-06
0,B3__p14,-0.0022023348251072883,0.0003102981229440305
0,B3__p15,0.0,0.0
0,B3__p16,0.0,0.0
0,B3__p17,-0.0006205962458880054,0.0
0,B3__p18,-0.0003102981229440027,0.0003102981229440027
0,B3__p19,-0.0020570006024055454,0.0
0,B3__p20,-0.0036364582233393006,0.0003125790812294471
0,B4__p00,0.003955942433232079,0.003955942433232079
0,B4__p01,0.007911884866464158,0.0
0,B4__p02,0.0,0.0
0,B4__p03,0.0,0.0
0,B4__p04,0.0,0.0
0,B4__p05,0.0,0.0
0,B4__p06,0.0,0.0
0,B4__p07,-0.0003102981229440027,0.0003102981229440027
0,B4__p08,0.0,0.0
0,B4__p09,0.0,0.0
0,B4__p10,0.0,0.0
0,B4__p11,0.0,0.0
0,B4__p12,-0.0003102981229440027,0.0003102981229440027
0,B4__p13,-0.0005707762557077556,0.0005707762557077556
0,B4__p14,0.006389818430635658,3.195475423747873e-05
0,B4__p15,-0.0003102981229440027,0.0003102981229440027
0,B4__p16,-0.0010688834509159917,3.555265519533668e-05
0,B4__p17,0.0,0.0
0,B4__p18,0.0,0.0
0,B4__p19,-0.0022023348251072883,0.0003102981229440305
0,B4__p20,0.002694388026953959,0.004586424729117217
0,B5__p00,0.00036778271561338505,0.00036778271561338505
0,B5__p01,-0.000827430034255644,0.00020683378836763855
0,B5__p02,-0.00022340073156779106,0.00022340073156779106
0,B5__p03,-0.0009460183510816289,0.0009460183510816289
0,B5__p04,-0.001033330795720655,0.0
0,B5__p05,0.0,0.0
0,B5__p06,0.0,0.0
0,B5__p07,0.0,0.0
0,B5__p08,0.0,0.0
0,B5__p09,0.0,0.0
0,B5__p10,-0.028870170660678707,0.029488225056715944
0,B5__p11,-0.000921753058320679,0.0005100893816258611
0,B5__p12,0.0035442787565372613,0.003955942433232079
0,B5__p13,0.0003090271980186188,0.0003090271980186188
0,B5__p14,-0.0003102981229440027,0.0003102981229440027
0,B5__p15,-0.0018920367021632578,0.0
0,B5__p16,-0.002151902597901545,0.0009460183510816567
0,B5__p17,0.0,0.0
0,B5__p18,0.0,0.0
0,B5__p19,0.0,0.0
0,B5__p20,0.0,0.0
0,B6__p00,0.0,0.0
0,B6__p01,-0.0009460183510816289,0.0009460183510816289
0,B6__p02,0.0,0.0
0,B6__p03,0.0,0.0
0,B6__p04,-0.0003102981229440027,0.0003102981229440027
0,B6__p05,0.0,0.0
0,B6__p06,0.0,0.0
0,B6__p07,0.0,0.0
0,B6__p08,0.0,0.0
0,B6__p09,0.0,0.0
0,B6__p10,0.0,0.0
0,B6__p11,-0.0009460183510816289,0.0009460183510816289
0,B6__p12,0.0,0.0
0,B6__p13,-0.00036339459979747857,0.00025720164609052687
0,B6__p14,-0.0014556754112168557,0.0008350791653288503
0,B6__p15,0.0,0.0
0,B6__p16,-0.0011415525114155112,0.0
0,B6__p17,-0.001261554406278148,0.001261554406278148
0,B6__p18,0.00020858661708267334,0.00020858661708267334
0,B6__p19,-0.0004186076746465761,0.0003124147209396244
0,B6__p20,0.0,0.0
0,B7__p00,0.0,0.0
0,B7__p01,0.0,0.0
0,B7__p02,-0.0005166653978603275,0.0005166653978603275
0,B7__p03,-0.0009460183510816289,0.0009460183510816289
0,B7__p04,-0.001033330795720655,0.0
0,B7__p05,-0.0003158018607224422,0.0003158018607224422
0,B7__p06,0.0,0.0
0,B7__p07,0.0,0.0
0,B7__p08,0.0,0.0
0,B7__p09,0.0,0.0
0,B7__p10,-0.0009460183510816289,0.0009460183510816289
0,B7__p11,-0.0018920367021632578,0.0
0,B7__p12,0.0019765932864297675,0.004901960784313736
0,B7__p13,-0.0001061929537069517,0.0
0,B7__p14,-0.0003102981229440027,0.0003102981229440027
0,B7__p15,0.00701750389643413,0.0007236220883236055
0,B7__p16,0.0,0.0
0,B7__p17,-0.0007377071785113487,0.0007377071785113487
0,B7__p18,-0.0012563164740256316,0.0006357202281376262
0,B7__p19,0.0,0.0
0,B7__p20,0.0,0.0
0,B8__p00,0.0,0.0
0,B8__p01,-0.0009460183510816289,0.0009460183510816289
0,B8__p02,0.0,0.0
0,B8__p03,0.0,0.0
0,B8__p04,-0.0018920367021632578,0.0
0,B8__p05,0.0,0.0
0,B8__p06,0.0,0.0
0,B8__p07,-9.949216369503633e-05,0.000516665397860383
0,B8__p08,0.0002205790957108822,0.0005149863355158879
0,B8__p09,0.0,0.0
0,B8__p10,-0.0009460183510816289,0.0009460183510816289
0,B8__p11,0.0,0.0
0,B8__p12,-0.002405732021337592,0.00027898396614089993
0,B8__p13,-0.001291202355482246,0.001291202355482246
0,B8__p14,-0.0014828543912922543,0.0001746939921563051
0,B8__p15,-0.00303110901683154,0.0005184760687802215
0,B8__p16,-0.0003102981229440027,0.0003102981229440027
0,B8__p17,-0.0012627963359423677,0.00012124382452685656
0,B8__p18,-0.0003102981229440027,0.0003102981229440027
0,B8__p19,-0.0006793201080239619,0.0005731271543170102
0,B8__p20,0.0,0.0
0,B8A__p00,0.00036778271561338505,0.00036778271561338505
0,B8A__p01,0.0,0.0
0,B8A__p02,-0.0009460183510816289,0.0009460183510816289
0,B8A__p03,-0.0003102981229440027,0.0003102981229440027
0,B8A__p04,-0.0011044361061113284,0.0
0,B8A__p05,0.00020858661708267334,0.00020858661708267334
0,B8A__p06,0.0,0.0
0,B8A__p07,0.0,0.0
0,B8A__p08,0.0,0.0
0,B8A__p09,0.0,0.0
0,B8A__p10,0.0,0.0
0,B8A__p11,-5.309647685347585e-05,5.309647685347585e-05
0,B8A__p12,0.0004171732341653467,0.0
0,B8A__p13,-0.0006316037214448844,0.0
0,B8A__p14,-0.0009460183510816289,0.0009460183510816289
0,B8A__p15,-0.0007310223955862005,0.0
0,B8A__p16,0.0,0.0
0,B8A__p17,0.0,0.0
0,B8A__p18,0.0,0.0
0,B8A__p19,0.0004171732341653467,0.0
0,B8A__p20,0.0,0.0
0,B11__p00,-0.0009460183510816289,0.0009460183510816289
0,B11__p01,-0.0006238727325612314,0.0005176797788542797
0,B11__p02,-0.0009460183510816289,0.0009460183510816289
0,B11__p03,-0.0001061929537069517,0.0
0,B11__p04,-0.0005522180530556642,0.0005522180530556642
0,B11__p05,-0.0018920367021632578,0.0
0,B11__p06,0.0,0.0
0,B11__p07,-0.0004186076746465761,0.0003124147209396244
0,B11__p08,0.0007355654312267701,0.0
0,B11__p09,0.00016182357811608816,6.136752576416105e-05
0,B11__p10,0.00036778271561338505,0.00036778271561338505
0,B11__p11,-0.0009460183510816289,0.0009460183510816289
0,B11__p12,0.0007355654312267701,0.0
0,B11__p13,-0.0018920367021632578,0.0
0,B11__p14,0.0058427172385921156,0.0005493245308158257
0,B11__p15,-0.0022023348251072883,0.0003102981229440305
0,B11__p16,0.0,0.0
0,B11__p17,-0.0004186076746465761,0.0003124147209396244
0,B11__p18,-5.309647685347585e-05,5.309647685347585e-05
0,B11__p19,-0.0009460183510816289,0.0009460183510816289
0,B11__p20,-0.0009460183510816289,0.0009460183510816289
0,B12__p00,0.003987445833037229,0.003974028072363689
0,B12__p01,-0.0005707762557077556,0.0005707762557077556
0,B12__p02,-0.0004136675767353326,0.0
0,B12__p03,-0.0009460183510816289,0.0009460183510816289
0,B12__p04,0.0,0.0
0,B12__p05,-0.0023106443768098617,0.00031241472093965217
0,B12__p06,0.0,0.0
0,B12__p07,-0.0008394186843727058,0.0012565919185380525
0,B12__p08,0.0,0.0
0,B12__p09,0.0,0.0
0,B12__p10,0.0,0.0
0,B12__p11,0.0,0.0
0,B12__p12,-0.0012618202118040711,0.0006302164903591867
0,B12__p13,-0.0018920367021632578,0.0
0,B12__p14,-0.0018857282226041605,0.0006269047254471583
0,B12__p15,-0.0022023348251072883,0.0003102981229440305
0,B12__p16,0.0,0.0
0,B12__p17,-0.0007310223955862005,0.0
0,B12__p18,-0.0018151802643449622,0.00036818189188897454
0,B12__p19,-0.0007310223955862005,0.0
0,B12__p20,-0.0009460183510816289,0.0009460183510816289
0,NDVI__p00,-0.0005522180530556642,0.0005522180530556642
0,NDVI__p01,-0.000517131911311669,0.00010346433457633641
0,NDVI__p02,0.0,0.0
0,NDVI__p03,-0.0022023348251072883,0.0003102981229440305
0,NDVI__p04,-0.0005166653978603275,0.0005166653978603275
0,NDVI__p05,0.0,0.0
0,NDVI__p06,0.0,0.0
0,NDVI__p07,0.0,0.0
0,NDVI__p08,0.0,0.0
0,NDVI__p09,0.0,0.0
0,NDVI__p10,-0.0006276261540201777,0.0009460183510817122
0,NDVI__p11,-0.0007791787745284329,0.00036551119779310026
0,NDVI__p12,-0.0012276110096256787,0.0008293895927798667
0,NDVI__p13,0.007271086935312643,0.0005707762557077833
0,NDVI__p14,-0.0009653032058421496,0.0009653032058421496
0,NDVI__p15,-0.00036339459979747857,0.00025720164609052687
0,NDVI__p16,-0.0012315179342547444,0.0006287391061565728
0,NDVI__p17,-0.0016218276718187596,0.0008908052762325591
0,NDVI__p18,-0.0010342638226232825,0.0
0,NDVI__p19,0.0,0.0
0,NDVI__p20,0.0,0.0
0,NDRE__p00,0.0,0.0
0,NDRE__p01,-0.0019293274661641435,0.0008248913600528152
0,NDRE__p02,-0.0003102981229440027,0.0003102981229440027
0,NDRE__p03,-0.0018920367021632578,0.0
0,NDRE__p04,-0.0003102981229440027,0.0003102981229440027
0,NDRE__p05,0.0,0.0
0,NDRE__p06,0.0,0.0
0,NDRE__p07,0.0,0.0
0,NDRE__p08,0.0,0.0
0,NDRE__p09,-0.0004136675767353326,0.0
0,NDRE__p10,-0.001033330795720655,0.0
0,NDRE__p11,-0.0005166653978603275,0.0005166653978603275
0,NDRE__p12,0.008794301222125989,0.0009171929861662154
0,NDRE__p13,0.003386180558518276,0.004419511354238931
0,NDRE__p14,0.0,0.0
0,NDRE__p15,0.0,0.0
0,NDRE__p16,0.0,0.0
0,NDRE__p17,0.0,0.0
0,NDRE__p18,-0.002049239997297614,0.0009448038911862855
0,NDRE__p19,0.0,0.0
0,NDRE__p20,-0.0004062126101919694,0.0003700413319288054
0,GNDVI__p00,-0.0009460183510816289,0.0009460183510816289
0,GNDVI__p01,-0.001033330795720655,0.0
0,GNDVI__p02,-0.0007597774506707122,0.0014953428818974823
0,GNDVI__p03,0.005167290793573837,0.0011905728828243423
0,GNDVI__p04,0.0,0.0
0,GNDVI__p05,6.583924071518199e-06,0.0006271801699595236
0,GNDVI__p06,0.0,0.0
0,GNDVI__p07,0.0,0.0
0,GNDVI__p08,0.0004180107417893486,0.0003175546894374215
0,GNDVI__p09,0.0,0.0
0,GNDVI__p10,-0.0003102981229440027,0.0003102981229440027
0,GNDVI__p11,-0.0027190002229676435,0.00020636727491632478
0,GNDVI__p12,0.0,0.0
0,GNDVI__p13,-0.0005166653978603275,0.0005166653978603275
0,GNDVI__p14,-0.00020776990984056054,0.00030822596219248766
0,GNDVI__p15,-0.00036339459979747857,0.00025720164609052687
0,GNDVI__p16,-0.001314650883131624,0.0012084579294246722
0,GNDVI__p17,-0.0012401645840883213,0.0002068337883676663
0,GNDVI__p18,-0.0005370935833693413,0.0005370935833693413
0,GNDVI__p19,-0.0016523746994880906,0.0005479385933767622
0,GNDVI__p20,-0.0012563164740256594,0.0012563164740256594
0,EVI__p00,0.0004171732341653467,0.0
0,EVI__p01,-0.0018920367021632578,0.0
0,EVI__p02,-0.0012563164740256316,0.0006357202281376262
0,EVI__p03,-0.0012563164740256316,0.0006357202281376262
0,EVI__p04,0.0,0.0
0,EVI__p05,-0.00157543009966013,0.0003166066025031278
0,EVI__p06,0.0,0.0
0,EVI__p07,0.0,0.0
0,EVI__p08,0.0,0.0
0,EVI__p09,-0.0011564470639743585,0.0009200512341642486
0,EVI__p10,0.0,0.0
0,EVI__p11,0.0,0.0
0,EVI__p12,-0.00045300491711516844,5.478350026935641e-05
0,EVI__p13,-0.002408702100023613,0.0005166653978603553
0,EVI__p14,0.0,0.0
0,EVI__p15,-0.0014556754112168557,0.0008350791653288503
0,EVI__p16,-0.0011570221599612185,0.0
0,EVI__p17,0.0,0.0
0,EVI__p18,0.0,0.0
0,EVI__p19,0.0009459272535611851,0.00021036182233441503
0,EVI__p20,0.0,0.0
0,LSWI__p00,0.00018529906132208618,0.0005502663699046839
0,LSWI__p01,0.0,0.0
0,LSWI__p02,-0.0013454395895846072,0.0003121087938639522
0,LSWI__p03,-0.0002068337883676663,0.0002068337883676663
0,LSWI__p04,-0.00032838376207558473,0.0002922124838124207
0,LSWI__p05,-0.0006524586256125842,0.0004519774804987442
0,LSWI__p06,0.0,0.0
0,LSWI__p07,-0.0003102981229440027,0.0003102981229440027
0,LSWI__p08,0.0002205790957108822,0.0005149863355158879
0,LSWI__p09,-0.0005166653978603275,0.0005166653978603275
0,LSWI__p10,0.00866304443841634,0.0004040080132306778
0,LSWI__p11,-0.0018920367021632578,0.0
0,LSWI__p12,0.00435892252359979,0.0030723676772697883
0,LSWI__p13,-0.002408702100023613,0.0005166653978603553
0,LSWI__p14,-0.0005166653978603275,0.0005166653978603275
0,LSWI__p15,-0.0012058842468198883,0.0
0,LSWI__p16,0.0,0.0
0,LSWI__p17,0.0,0.0
0,LSWI__p18,-0.0018920367021632578,0.0
0,LSWI__p19,0.0,0.0
0,LSWI__p20,0.0,0.0
0,S1A_VV__p00,-5.309647685347585e-05,5.309647685347585e-05
0,S1A_VV__p01,-0.0005757321259435844,5.587159550130005e-05
0,S1A_VV__p02,-0.001577625907915714,0.0004206037479544955
0,S1A_VV__p03,0.0,0.0
0,S1A_VV__p04,0.0,0.0
0,S1A_VV__p05,-0.001252089314223298,0.0005210669186370975
0,S1A_VV__p06,-0.001033330795720655,0.0
0,S1A_VV__p07,6.867639059993103e-05,0.0
0,S1A_VV__p08,-0.0004136675767353326,0.0
0,S1A_VV__p09,-0.0003102981229440027,0.0003102981229440027
0,S1A_VV__p10,-0.0010522113047885806,0.0009460183510816289
0,S1A_VV__p11,-0.0011044361061113284,0.0
0,S1A_VV__p12,-0.0010522113047885806,0.0009460183510816289
0,S1A_VV__p13,-0.002951313579355519,0.0019170497567322364
0,S1A_VV__p14,-0.0018920367021632578,0.0
0,S1A_VV__p15,-0.0014807693880735662,0.0014445981098104022
0,S1A_VV__p16,0.001774490789145211,0.004231229718454188
0,S1A_VV__p17,0.0,0.0
0,S1A_VV__p18,0.001181419112541382,0.0013466849852342144
0,S1A_VV__p19,-0.0003102981229440027,0.0003102981229440027
0,S1A_VV__p20,0.000293137367142593,0.000293137367142593
0,S1A_VH__p00,-0.0011229943087634198,1.8558202652091405e-05
0,S1A_VH__p01,0.006066850408214669,0.0002910132681835098
0,S1A_VH__p02,-0.0020437305739799683,0.0020437305739799683
0,S1A_VH__p03,-0.0011551181686597078,0.002191396809195334
0,S1A_VH__p04,0.0031789318381990894,0.0031789318381990894
0,S1A_VH__p05,-0.001195308889566149,0.0005747126436781436
0,S1A_VH__p06,-0.002358474073847705,0.0005668934240362633
0,S1A_VH__p07,0.007858788389610682,5.309647685347585e-05
0,S1A_VH__p08,-0.0018359517949153858,0.0013976341639499734
0,S1A_VH__p09,-0.0018823058045825125,0.0007407532931670013
0,S1A_VH__p10,-0.0005785110799806092,0.0005785110799806092
0,S1A_VH__p11,0.000684664762628906,5.090066859786413e-05
0,S1A_VH__p12,-0.0010176385717428071,0.0008707912312508337
0,S1A_VH__p13,0.0002049014591630205,0.0003110944128699722
0,S1A_VH__p14,0.0005616401001186377,3.54018266245093e-05
0,S1A_VH__p15,0.0,0.0
0,S1A_VH__p16,0.0,0.0
0,S1A_VH__p17,-0.0018361426834209715,0.0
0,S1A_VH__p18,0.0,0.0
0,S1A_VH__p19,0.005591099913839936,0.0005155428858535926
0,S1A_VH__p20,-0.0003102981229440027,0.0003102981229440027
0,S1A_VVminusVH__p00,-0.0034389108395379564,0.000294958486085628
0,S1A_VVminusVH__p01,0.005883227207353875,0.0007767420078212128
0,S1A_VVminusVH__p02,0.002590069943359724,0.002626241221622888
0,S1A_VVminusVH__p03,-0.0012563164740256594,0.0012563164740256594
0,S1A_VVminusVH__p04,-0.00031799766897802617,0.0004184537213299533
0,S1A_VVminusVH__p05,-0.0029794783557313687,5.411085784740033e-05
0,S1A_VVminusVH__p06,-0.0019793491468023117,0.0009460183510816567
0,S1A_VVminusVH__p07,0.0036456443102880765,0.004266240556176082
0,S1A_VVminusVH__p08,0.0,0.0
0,S1A_VVminusVH__p09,-0.0008642031994155475,0.0008642031994155475
0,S1A_VVminusVH__p10,-0.0008507962188262774,0.0008507962188262774
0,S1A_VVminusVH__p11,0.0006337640940310418,0.0
0,S1A_VVminusVH__p12,-0.0006205962458880054,0.0
0,S1A_VVminusVH__p13,-0.0029253674978839683,0.0
0,S1A_VVminusVH__p14,-0.001144576052446722,0.0005129723310018375
0,S1A_VVminusVH__p15,-0.0005400088202399123,0.0011262835545250982
0,S1A_VVminusVH__p16,-0.001033330795720655,0.0
0,S1A_VVminusVH__p17,0.0,0.0
0,S1A_VVminusVH__p18,-0.001291695440561541,0.00031700365459844115
0,S1A_VVminusVH__p19,0.004361948053048459,0.0008262851928432235
0,S1A_VVminusVH__p20,0.0,0.0
0,S1D_VV__p00,-0.0009700524531402743,0.0008215281966711674
0,S1D_VV__p01,-0.0017674123288084487,0.0007452206192428701
0,S1D_VV__p02,0.0,0.0
0,S1D_VV__p03,-0.0018920367021632578,0.0
0,S1D_VV__p04,-0.0021193052135458357,0.0014987089676578302
0,S1D_VV__p05,0.000293137367142593,0.000293137367142593
0,S1D_VV__p06,-0.0006776379723359705,0.00038323073253096474
0,S1D_VV__p07,-0.0003102981229440027,0.0003102981229440027
0,S1D_VV__p08,0.0,0.0
0,S1D_VV__p09,-0.0021460824707316695,0.00037285568139355796
0,S1D_VV__p10,-0.0009460183510816289,0.0009460183510816289
0,S1D_VV__p11,-0.0001061929537069517,0.0
0,S1D_VV__p12,-0.001075163230153775,0.0017947956800928866
0,S1D_VV__p13,-0.0017123287671232668,0.0005707762557077556
0,S1D_VV__p14,0.002765671585384988,0.0034966939809711883
0,S1D_VV__p15,0.0,0.0
0,S1D_VV__p16,-0.0003158018607224422,0.0003158018607224422
0,S1D_VV__p17,-0.0001061929537069517,0.0
0,S1D_VV__p18,-0.0020947005936606533,0.00042840821889564284
0,S1D_VV__p19,-0.0008331461873825052,0.0008331461873825052
0,S1D_VV__p20,0.0,0.0
0,S1D_VH__p00,-0.002556181164438537,0.0003691863334454315
0,S1D_VH__p01,0.0001106537128512941,0.00047562102143389184
0,S1D_VH__p02,-0.0013594201222910107,0.0009457525455556781
0,S1D_VH__p03,0.0010938411724491226,0.0036064741205004414
0,S1D_VH__p04,0.00010687511122131621,0.0003102981229440305
0,S1D_VH__p05,0.00021319250591059213,0.00021319250591059213
0,S1D_VH__p06,0.00036778271561338505,0.00036778271561338505
0,S1D_VH__p07,-0.0029253674978839683,0.0
0,S1D_VH__p08,0.0,0.0
0,S1D_VH__p09,-0.005076642310561763,0.005368213514317044
0,S1D_VH__p10,0.0003090271980186188,0.0003090271980186188
0,S1D_VH__p11,-0.0004040489865825003,0.00025720164609052687
0,S1D_VH__p12,-0.0011484102859229128,0.00010403697641805931
0,S1D_VH__p13,-0.0003035648576606431,0.000985509597280665
0,S1D_VH__p14,0.0,0.0
0,S1D_VH__p15,-0.0012563164740256316,0.0006357202281376262
0,S1D_VH__p16,-0.0004136675767353326,0.0
0,S1D_VH__p17,0.0,0.0
0,S1D_VH__p18,-0.0019793491468023117,0.0009460183510816567
0,S1D_VH__p19,-0.004297007747494641,0.000857911290383595
0,S1D_VH__p20,-0.0009833888449737316,0.0009472175667105676
0,S1D_VVminusVH__p00,-0.0005166653978603275,0.0005166653978603275
0,S1D_VVminusVH__p01,0.0,0.0
0,S1D_VVminusVH__p02,-0.0018920367021632578,0.0
0,S1D_VVminusVH__p03,0.0031789318381990894,0.0031789318381990894
0,S1D_VVminusVH__p04,0.0,0.0
0,S1D_VVminusVH__p05,-0.0022509340260824795,0.00029947664652626993
0,S1D_VVminusVH__p06,0.0033074829105570747,0.00434081370627773
0,S1D_VVminusVH__p07,0.0,0.0
0,S1D_VVminusVH__p08,-0.004368440300720006,0.0013743964122361063
0,S1D_VVminusVH__p09,-0.0016837255295929776,0.0002083111725702802
0,S1D_VVminusVH__p10,-1.808563913158201e-05,1.808563913158201e-05
0,S1D_VVminusVH__p11,-0.0016662923747650105,0.0
0,S1D_VVminusVH__p12,-0.0011592196063806848,5.478350026935641e-05
0,S1D_VVminusVH__p13,-0.0013498115852428327,0.00031648078952217773
0,S1D_VVminusVH__p14,-0.0003102981229440027,0.0003102981229440027
0,S1D_VVminusVH__p15,0.0,0.0
0,S1D_VVminusVH__p16,-0.0010688834509159917,3.555265519533668e-05
0,S1D_VVminusVH__p17,-0.0011044361061113284,0.0
0,S1D_VVminusVH__p18,0.0,0.0
0,S1D_VVminusVH__p19,-1.808563913158201e-05,1.808563913158201e-05
0,S1D_VVminusVH__p20,0.007261796488522432,1.9016267548743748e-05
1,B2__p00,0.0004876853707790896,0.0004876853707790896
1,B2__p01,2.7642342920880525e-05,2.7642342920880525e-05
1,B2__p02,-0.0004830837352387818,0.0004830837352387818
1,B2__p03,0.0,0.0
1,B2__p04,-0.0041036609436191085,0.0050217790490625636
1,B2__p05,-0.014690661209053352,0.0005579481833662137
1,B2__p06,0.0,0.0
1,B2__p07,0.023812335292535902,0.009750286831787525
1,B2__p08,-0.0014175893466924772,0.0014175893466924772
1,B2__p09,-0.0001882942867012516,0.0004876853707790896
1,B2__p10,0.001418532967881747,0.00033510934924679825
1,B2__p11,0.0,0.0
1,B2__p12,0.0004876853707790896,0.0004876853707790896
1,B2__p13,-0.001958575971562654,0.0009924085010850903
1,B2__p14,-0.0012489410851900251,0.0012489410851900251
1,B2__p15,-8.03979740980898e-05,8.03979740980898e-05
1,B2__p16,-0.009072342420599983,0.0077728968948064525
1,B2__p17,0.0004876853707790896,0.0004876853707790896
1,B2__p18,-0.0006890407631255924,0.0027232923974258028
1,B2__p19,-0.00018621309081293114,0.00018621309081293114
1,B2__p20,-0.0012986472487548917,0.0006738824975097701
1,B3__p00,0.0,0.0
1,B3__p01,-0.0009337804270064254,0.0009337804270064254
1,B3__p02,-8.745768238055396e-05,0.000142742368222315
1,B3__p03,0.0009753707415581792,0.0
1,B3__p04,2.7642342920880525e-05,2.7642342920880525e-05
1,B3__p05,0.001027592631870411,0.0
1,B3__p06,0.0,0.0
1,B3__p07,0.0005144196412851798,0.0005144196412851798
1,B3__p08,-0.0009337804270064254,0.0009337804270064254
1,B3__p09,0.0,0.0
1,B3__p10,-0.006124410875883918,0.007099781617442097
1,B3__p11,-0.0009370519408180567,2.9115529659506922e-05
1,B3__p12,-0.0010126343456407783,0.00010469793448222853
1,B3__p13,0.0035340084272634797,0.0009932908778924054
1,B3__p14,-0.00042632586265839434,0.0004816105485001554
1,B3__p15,0.0009753707415581792,0.0
1,B3__p16,2.7642342920880525e-05,2.7642342920880525e-05
1,B3__p17,0.0,0.0
1,B3__p18,-0.0004830837352387818,0.0004830837352387818
1,B3__p19,0.0,0.0
1,B3__p20,-0.005803311449034565,0.000339755548762255
1,B4__p00,-0.00045544139231790126,0.0005107260781596623
1,B4__p01,0.0,0.0
1,B4__p02,5.528468584176105e-05,0.0
1,B4__p03,0.000854195893977866,0.00012117484758031316
1,B4__p04,0.0,0.0
1,B4__p05,-0.0028440017171424414,0.0028992864029842025
1,B4__p06,0.0,0.0
1,B4__p07,-0.012859460294677078,0.00036473219864893713
1,B4__p08,0.0,0.0
1,B4__p09,0.0,0.0
1,B4__p10,0.0,0.0
1,B4__p11,0.0,0.0
1,B4__p12,-0.0009661674704775636,0.0
1,B4__p13,-0.016608873161509885,0.0024185131977062513
1,B4__p14,0.0,0.0
1,B4__p15,0.010788399033252793,0.019230769230769218
1,B4__p16,0.0,0.0
1,B4__p17,-0.0009661674704775636,0.0
1,B4__p18,-0.0015241156538438327,0.0005579481833662692
1,B4__p19,0.0,0.0
1,B4__p20,-0.00694136148531635,0.00016904481992882636
1,B5__p00,-0.0004830837352387818,0.0004830837352387818
1,B5__p01,-0.0009661674704775636,0.0
1,B5__p02,-0.0018675608540128508,0.0
1,B5__p03,-0.006557103621422478,0.006612388307264239
1,B5__p04,0.0,0.0
1,B5__p05,5.528468584176105e-05,0.0
1,B5__p06,-0.0003379898287401706,0.0003379898287401706
1,B5__p07,-0.0004830837352387818,0.0004830837352387818
1,B5__p08,0.0,0.0
1,B5__p09,0.0,0.0
1,B5__p10,-0.0012032897016268918,0.0023633842042084796
1,B5__p11,5.20326276216565e-05,0.0
1,B5__p12,-0.014285756697635377,5.5768075813589224e-05
1,B5__p13,0.0,0.0
1,B5__p14,-0.0015996980586665543,0.00048236577854354756
1,B5__p15,-0.006612096246663007,0.006612096246663007
1,B5__p16,0.0004876853707790896,0.0004876853707790896
1,B5__p17,-0.0009337804270064254,0.0009337804270064254
1,B5__p18,0.000541438658856086,0.00048615397301432495
1,B5__p19,0.0,0.0
1,B5__p20,0.0004876853707790896,0.0004876853707790896
1,B6__p00,0.0004876853707790896,0.0004876853707790896
1,B6__p01,-0.0004830837352387818,0.0004830837352387818
1,B6__p02,0.0004876853707790896,0.0004876853707790896
1,B6__p03,0.00536010376517132,0.002952270896662501
1,B6__p04,-0.0013791575265384992,0.0004884033274743516
1,B6__p05,2.7642342920880525e-05,2.7642342920880525e-05
1,B6__p06,0.0,0.0
1,B6__p07,0.0,0.0
1,B6__p08,-0.0009337804270064254,0.0009337804270064254
1,B6__p09,0.0004876853707790896,0.0004876853707790896
1,B6__p10,0.0,0.0
1,B6__p11,0.0004876853707790896,0.0004876853707790896
1,B6__p12,0.000854195893977866,0.00012117484758031316
1,B6__p13,0.0009753707415581792,0.0
1,B6__p14,-0.015257632913016128,0.0020334404196901135
1,B6__p15,-0.0009337804270064254,0.0009337804270064254
1,B6__p16,-0.00042632586265839434,0.0004816105485001554
1,B6__p17,0.0004876853707790896,0.0004876853707790896
1,B6__p18,0.0,0.0
1,B6__p19,-0.0004830837352387818,0.0004830837352387818
1,B6__p20,0.0004876853707790896,0.0004876853707790896
1,B7__p00,-0.00016520289220317563,0.00016520289220317563
1,B7__p01,-0.0033846806681838426,0.002418513197706279
1,B7__p02,-0.0009661674704775636,0.0
1,B7__p03,0.0,0.0
1,B7__p04,0.0004876853707790896,0.0004876853707790896
1,B7__p05,0.0,0.0
1,B7__p06,0.0,0.0
1,B7__p07,0.0,0.0
1,B7__p08,0.0,0.0
1,B7__p09,0.0,0.0
1,B7__p10,0.0,0.0
1,B7__p11,-0.009513693179608068,0.009513693179608068
1,B7__p12,0.0013403498669921632,0.00036497912543398403
1,B7__p13,5.528468584176105e-05,0.0
1,B7__p14,0.0004973947656264077,0.0003877150064106327
1,B7__p15,0.0,0.0
1,B7__p16,0.0,0.0
1,B7__p17,0.0,0.0
1,B7__p18,0.0004876853707790896,0.0004876853707790896
1,B7__p19,0.0004876853707790896,0.0004876853707790896
1,B7__p20,0.0,0.0
1,B8__p00,-0.0012062348108082266,0.0008758290264018753
1,B8__p01,-0.0009661674704775636,0.0
1,B8__p02,0.0009753707415581792,0.0
1,B8__p03,0.0,0.0
1,B8__p04,0.001001481686714295,2.6110945156115895e-05
1,B8__p05,-0.0008646432539080318,2.6110945156115895e-05
1,B8__p06,0.0,0.0
1,B8__p07,0.0,0.0
1,B8__p08,0.0004876853707790896,0.0004876853707790896
1,B8__p09,-0.0004830837352387818,0.0004830837352387818
1,B8__p10,-0.0062877552656388225,0.00048456139974870083
1,B8__p11,-0.002001990621685379,0.0010358231512078153
1,B8__p12,0.0005281794628498593,0.0033633581562348136
1,B8__p13,-0.0067286694587030405,0.007461690505100593
1,B8__p14,5.528468584176105e-05,0.0
1,B8__p15,0.006943766854230177,0.00594369669028047
1,B8__p16,2.7642342920880525e-05,2.7642342920880525e-05
1,B8__p17,0.0004876853707790896,0.0004876853707790896
1,B8__p18,0.0,0.0
1,B8__p19,-0.0004830837352387818,0.0004830837352387818
1,B8__p20,0.0004876853707790896,0.0004876853707790896
1,B8A__p00,0.0004876853707790896,0.0004876853707790896
1,B8A__p01,-0.005636725505104828,0.006612096246663007
1,B8A__p02,0.001001481686714295,2.6110945156115895e-05
1,B8A__p03,0.0009753707415581792,0.0
1,B8A__p04,0.0,0.0
1,B8A__p05,-0.0004830837352387818,0.0004830837352387818
1,B8A__p06,0.0,0.0
1,B8A__p07,0.0,0.0
1,B8A__p08,0.0,0.0
1,B8A__p09,-0.0004830837352387818,0.0004830837352387818
1,B8A__p10,0.0007330210463975528,0.0
1,B8A__p11,-0.007066356512843569,0.007066356512843569
1,B8A__p12,-0.0009661674704775636,0.0
1,B8A__p13,-0.0009337804270064254,0.0009337804270064254
1,B8A__p14,-0.007212058331753063,0.006245890861275499
1,B8A__p15,0.0005144196412851798,0.0005144196412851798
1,B8A__p16,0.0,0.0
1,B8A__p17,0.0,0.0
1,B8A__p18,2.7642342920880525e-05,2.7642342920880525e-05
1,B8A__p19,-0.0015996980586665543,0.00048236577854354756
1,B8A__p20,0.0,0.0
1,B11__p00,-0.00045544139231790126,0.0005107260781596623
1,B11__p01,-0.0009061380840855449,0.0009061380840855449
1,B11__p02,0.0,0.0
1,B11__p03,-0.0013791575265384992,0.0004884033274743516
1,B11__p04,0.0004876853707790896,0.0004876853707790896
1,B11__p05,0.008585099352636405,0.005986317159946686
1,B11__p06,0.0,0.0
1,B11__p07,0.0003665105231987764,0.0003665105231987764
1,B11__p08,0.0004876853707790896,0.0004876853707790896
1,B11__p09,-0.0005017086947058658,0.0005017086947058658
1,B11__p10,-0.0008988641281101883,0.00044723228922516345
1,B11__p11,0.0,0.0
1,B11__p12,-0.0006730482086676759,0.0006730482086676759
1,B11__p13,-0.0007508217569242026,0.00036651052319880417
1,B11__p14,-0.0005586661400615034,0.0005586661400615034
1,B11__p15,-0.0009061380840855449,0.0009061380840855449
1,B11__p16,0.0009753707415581792,0.0
1,B11__p17,-0.012008574123013843,0.0004861539730142972
1,B11__p18,0.0,0.0
1,B11__p19,-0.0009661674704775636,0.0
1,B11__p20,0.004836780295271903,0.00033680860586404737
1,B12__p00,0.003097520528727693,0.003042235842885932
1,B12__p01,-0.0004830837352387818,0.0004830837352387818
1,B12__p02,-0.0028014657703498425,0.0009339049163369917
1,B12__p03,-0.0004830837352387818,0.0004830837352387818
1,B12__p04,-0.0004830837352387818,0.0004830837352387818
1,B12__p05,0.0004876853707790896,0.0004876853707790896
1,B12__p06,0.0,0.0
1,B12__p07,0.0004876853707790896,0.0004876853707790896
1,B12__p08,0.0,0.0
1,B12__p09,0.007463151764850157,0.0064877810232919775
1,B12__p10,-0.0005981837605402163,0.0003679837099373473
1,B12__p11,0.0,0.0
1,B12__p12,0.0009753707415581792,0.0
1,B12__p13,0.0009753707415581792,0.0
1,B12__p14,0.0,0.0
1,B12__p15,-0.006612096246663007,0.006612096246663007
1,B12__p16,-0.0014168641622452072,0.0004506966917676436
1,B12__p17,0.0003665105231987764,0.0003665105231987764
1,B12__p18,0.0005153277136999701,0.00046004302785820905
1,B12__p19,2.7642342920880525e-05,2.7642342920880525e-05
1,B12__p20,-0.001275041769558255,0.00036710535839970526
1,NDVI__p00,-0.0009079364111585497,0.0
1,NDVI__p01,-0.002082063837210102,0.0
1,NDVI__p02,0.0,0.0
1,NDVI__p03,0.003646049332259621,0.003646049332259621
1,NDVI__p04,-0.0004830837352387818,0.0004830837352387818
1,NDVI__p05,-0.0004112696910505975,0.0004437220156283672
1,NDVI__p06,0.0,0.0
1,NDVI__p07,0.0,0.0
1,NDVI__p08,0.0,0.0
1,NDVI__p09,0.0,0.0
1,NDVI__p10,-0.001011916388945544,0.001011916388945544
1,NDVI__p11,0.0,0.0
1,NDVI__p12,-0.0009661674704775636,0.0
1,NDVI__p13,-0.0009661674704775636,0.0
1,NDVI__p14,2.7642342920880525e-05,2.7642342920880525e-05
1,NDVI__p15,5.528468584176105e-05,0.0
1,NDVI__p16,0.0005137963159352055,0.0005137963159352055
1,NDVI__p17,0.0004876853707790896,0.0004876853707790896
1,NDVI__p18,-0.007578263717140599,0.006612096246663035
1,NDVI__p19,-0.00045544139231790126,0.0005107260781596623
1,NDVI__p20,0.0,0.0
1,NDRE__p00,-0.006462400704624088,0.006761791788701926
1,NDRE__p01,-0.003173063792214631,0.00013525001932143677
1,NDRE__p02,-0.0009661674704775636,0.0
1,NDRE__p03,0.0,0.0
1,NDRE__p04,0.0013403498669921632,0.00036497912543398403
1,NDRE__p05,5.528468584176105e-05,0.0
1,NDRE__p06,0.0,0.0
1,NDRE__p07,-0.0009909308365751712,0.0009909308365751712
1,NDRE__p08,-0.006612096246663007,0.006612096246663007
1,NDRE__p09,0.0,0.0
1,NDRE__p10,-0.0062877552656388225,0.00048456139974870083
1,NDRE__p11,-0.013824154578416098,0.0003662053853875358
1,NDRE__p12,-2.9534293736394046e-05,0.0009472885288298871
1,NDRE__p13,-0.0006215711772749044,0.0006736038048965609
1,NDRE__p14,-0.001615754479727255,0.0009397748222469138
1,NDRE__p15,2.7642342920880525e-05,2.7642342920880525e-05
1,NDRE__p16,-0.0014640862674517863,0.0014640862674517863
1,NDRE__p17,0.0,0.0
1,NDRE__p18,-0.007578263717140599,0.006612096246663035
1,NDRE__p19,0.0004876853707790896,0.0004876853707790896
1,NDRE__p20,-0.0003379898287401706,0.0003379898287401706
1,GNDVI__p00,-0.0036725414441836357,0.0013585770505218642
1,GNDVI__p01,-0.006683077015945393,0.0076584477575035725
1,GNDVI__p02,-0.0009337804270064254,0.0009337804270064254
1,GNDVI__p03,5.528468584176105e-05,0.0
1,GNDVI__p04,0.0007330210463975528,0.0
1,GNDVI__p05,0.0004876853707790896,0.0004876853707790896
1,GNDVI__p06,0.0,0.0
1,GNDVI__p07,0.0,0.0
1,GNDVI__p08,0.0004876853707790896,0.0004876853707790896
1,GNDVI__p09,0.0,0.0
1,GNDVI__p10,-0.005803193865890122,0.0
1,GNDVI__p11,0.0007330210463975528,0.0
1,GNDVI__p12,0.015143132219500727,0.01610929968997829
1,GNDVI__p13,-0.002516524154928923,0.0004344603177188211
1,GNDVI__p14,0.0,0.0
1,GNDVI__p15,0.002239437410731848,0.0155202699170513
1,GNDVI__p16,-0.00042632586265839434,0.0004816105485001554
1,GNDVI__p17,0.0004876853707790896,0.0004876853707790896
1,GNDVI__p18,0.0011088799198952781,0.00048697454610396873
1,GNDVI__p19,0.0008526644962130736,0.0008526644962130736
1,GNDVI__p20,-0.0028060631637254474,2.9115529659506922e-05
1,EVI__p00,-0.0018675608540128508,0.0
1,EVI__p01,-0.00045544139231790126,0.0005107260781596623
1,EVI__p02,0.0,0.0
1,EVI__p03,-0.0004830837352387818,0.0004830837352387818
1,EVI__p04,0.0004876853707790896,0.0004876853707790896
1,EVI__p05,0.0003665105231987764,0.0003665105231987764
1,EVI__p06,-0.0009909308365751712,0.0009909308365751712
1,EVI__p07,0.0,0.0
1,EVI__p08,0.0,0.0
1,EVI__p09,-0.001900673081931259,0.0009345056114536954
1,EVI__p10,-0.0009661674704775636,0.0
1,EVI__p11,2.7642342920880525e-05,2.7642342920880525e-05
1,EVI__p12,-0.008107388431448564,0.007141220960971001
1,EVI__p13,0.0005000350819748534,0.0005000350819748534
1,EVI__p14,0.0009753707415581792,0.0
1,EVI__p15,-0.0004942309001300382,0.0024061713137904783
1,EVI__p16,-0.001827475582211302,0.00019635719567978605
1,EVI__p17,-0.001041031918605051,0.001041031918605051
1,EVI__p18,0.0,0.0
1,EVI__p19,0.0,0.0
1,EVI__p20,-0.0004830837352387818,0.0004830837352387818
1,LSWI__p00,0.000149695542038919,0.000149695542038919
1,LSWI__p01,-0.0030667998251482365,0.002736394040741885
1,LSWI__p02,5.528468584176105e-05,0.0
1,LSWI__p03,-0.00042632586265839434,0.0004816105485001554
1,LSWI__p04,0.0009753707415581792,0.0
1,LSWI__p05,-0.006728974596514281,0.006728974596514281
1,LSWI__p06,0.0,0.0
1,LSWI__p07,0.0,0.0
1,LSWI__p08,0.0,0.0
1,LSWI__p09,-0.00624736404801407,0.00624736404801407
1,LSWI__p10,0.0007330210463975528,0.0
1,LSWI__p11,-0.005473546855320144,0.007096958306451684
1,LSWI__p12,-0.0011561319439064577,0.0001899644734288941
1,LSWI__p13,2.7642342920880525e-05,2.7642342920880525e-05
1,LSWI__p14,-0.0004830837352387818,0.0004830837352387818
1,LSWI__p15,0.0004876853707790896,0.0004876853707790896
1,LSWI__p16,-0.012736507122546925,0.0004876853707790896
1,LSWI__p17,0.012852165383458652,0.02625641773920903
1,LSWI__p18,2.7642342920880525e-05,2.7642342920880525e-05
1,LSWI__p19,0.0008401207222367424,0.00013525001932143677
1,LSWI__p20,-0.0004830837352387818,0.0004830837352387818
1,S1A_VV__p00,0.0009753707415581792,0.0
1,S1A_VV__p01,0.0022511650238049574,0.003159101434963507
1,S1A_VV__p02,-0.00032139761730309857,0.0022815846180647137
1,S1A_VV__p03,0.0003665105231987764,0.0003665105231987764
1,S1A_VV__p04,-0.006612096246663007,0.006612096246663007
1,S1A_VV__p05,0.0,0.0
1,S1A_VV__p06,0.0004876853707790896,0.0004876853707790896
1,S1A_VV__p07,-0.004957752425719303,0.001027496677470291
1,S1A_VV__p08,0.00037969018757627593,0.0005956805539819032
1,S1A_VV__p09,-0.0006488389325043642,0.0014332249047057377
1,S1A_VV__p10,0.0,0.0
1,S1A_VV__p11,-0.006612096246663007,0.006612096246663007
1,S1A_VV__p12,0.0004876853707790896,0.0004876853707790896
1,S1A_VV__p13,0.0006086202749782943,0.00017576569722307922
1,S1A_VV__p14,0.0004876853707790896,0.0004876853707790896
1,S1A_VV__p15,-0.0012062348108082266,0.0008758290264018753
1,S1A_VV__p16,-0.002082063837210102,0.0
1,S1A_VV__p17,0.0004876853707790896,0.0004876853707790896
1,S1A_VV__p18,-0.0004193607857212456,0.0014482000682916052
1,S1A_VV__p19,0.0003665105231987764,0.0003665105231987764
1,S1A_VV__p20,-0.009086042655538862,0.000489222141869361
1,S1A_VH__p00,-0.0015705825290070474,0.00045325024888404064
1,S1A_VH__p01,0.0004876853707790896,0.0004876853707790896
1,S1A_VH__p02,0.0,0.0
1,S1A_VH__p03,-0.00030977417535402174,0.0003662054821263194
1,S1A_VH__p04,0.0,0.0
1,S1A_VH__p05,0.0,0.0
1,S1A_VH__p06,0.0,0.0
1,S1A_VH__p07,0.0004876853707790896,0.0004876853707790896
1,S1A_VH__p08,-0.00685852886620919,0.00794195248484414
1,S1A_VH__p09,0.0,0.0
1,S1A_VH__p10,-8.335345468513111e-05,0.0
1,S1A_VH__p11,0.0,0.0
1,S1A_VH__p12,-0.0013025202547609915,0.00026633367218639736
1,S1A_VH__p13,0.001960187000761615,0.0
1,S1A_VH__p14,-0.003501258357995196,0.003271058307392327
1,S1A_VH__p15,0.0,0.0
1,S1A_VH__p16,0.0,0.0
1,S1A_VH__p17,0.0009753707415581792,0.0
1,S1A_VH__p18,0.0004876853707790896,0.0004876853707790896
1,S1A_VH__p19,0.0003109526868956547,0.0003109526868956547
1,S1A_VH__p20,0.0004876853707790896,0.0004876853707790896
1,S1A_VVminusVH__p00,-5.390207012670456e-05,0.0010292728116848837
1,S1A_VVminusVH__p01,-0.00017141309164792062,0.00017141309164792062
1,S1A_VVminusVH__p02,8.328537320589913e-05,0.0027583256967224634
1,S1A_VVminusVH__p03,0.0,0.0
1,S1A_VVminusVH__p04,-0.0037960395874470643,0.0
1,S1A_VVminusVH__p05,-0.012415290112553129,0.006612096246663007
1,S1A_VVminusVH__p06,-0.0027433311349115974,0.0010519452975387145
1,S1A_VVminusVH__p07,0.031576794281670206,0.0005928944605610442
1,S1A_VVminusVH__p08,-0.015470751986980447,0.0005108946876450915
1,S1A_VVminusVH__p09,4.230827124701575e-05,0.0009330624703111634
1,S1A_VVminusVH__p10,-0.003949624691223064,0.0
1,S1A_VVminusVH__p11,0.0,0.0
1,S1A_VVminusVH__p12,0.0,0.0
1,S1A_VVminusVH__p13,-0.0011173322801230068,0.0
1,S1A_VVminusVH__p14,-0.0033846806681838426,0.002418513197706279
1,S1A_VVminusVH__p15,-0.0019246894202966103,0.0029000601618547894
1,S1A_VVminusVH__p16,-0.0010133895756841704,0.0010686742615259315
1,S1A_VVminusVH__p17,0.0009753707415581792,0.0
1,S1A_VVminusVH__p18,0.0005137963159352055,0.0005137963159352055
1,S1A_VVminusVH__p19,-0.0004830837352387818,0.0004830837352387818
1,S1A_VVminusVH__p20,-0.001093599901212161,0.0019793692460244316
1,S1D_VV__p00,-0.006696144352976718,0.0034687977852988494
1,S1D_VV__p01,-0.005394699551800997,0.006127720598198549
1,S1D_VV__p02,-0.016597322945875098,0.0004221459799013394
1,S1D_VV__p03,-0.00782986824158996,0.007885152927431721
1,S1D_VV__p04,-0.01294949022588926,0.0004547621298611193
1,S1D_VV__p05,-0.004482313212609473,0.002900759589722829
1,S1D_VV__p06,-0.0009036228927005452,0.03763581051716644
1,S1D_VV__p07,-0.008479657100675886,0.006612096246663035
1,S1D_VV__p08,0.039163182059520796,0.00048697454610396873
1,S1D_VV__p09,-0.0034021412612430246,0.004362212309164976
1,S1D_VV__p10,-0.0075458766736694605,0.0075458766736694605
1,S1D_VV__p11,-0.0015241156538438327,0.0005579481833662692
1,S1D_VV__p12,-0.0024786521966286557,0.005479080086562643
1,S1D_VV__p13,0.0009753707415581792,0.0
1,S1D_VV__p14,-0.0014175893466924772,0.0014175893466924772
1,S1D_VV__p15,-0.0073060124060459475,0.005918180087280067
1,S1D_VV__p16,-0.0006476678779057665,0.0004868719297095869
1,S1D_VV__p17,-0.00598995138150113,0.0004892221418693332
1,S1D_VV__p18,-0.00176490095086973,0.00031716288634037193
1,S1D_VV__p19,2.7642342920880525e-05,2.7642342920880525e-05
1,S1D_VV__p20,-0.0004830837352387818,0.0004830837352387818
1,S1D_VH__p00,0.0004876853707790896,0.0004876853707790896
1,S1D_VH__p01,-0.0008907541990641477,0.0
1,S1D_VH__p02,-0.0010651634305035018,0.00022663112175158595
1,S1D_VH__p03,0.0003353764274408588,0.000397644618956694
1,S1D_VH__p04,2.8520694458605833e-05,0.000704500351938947
1,S1D_VH__p05,-0.0010133895756841704,0.0010686742615259315
1,S1D_VH__p06,-0.007561750438367071,0.00661180158996752
1,S1D_VH__p07,-0.0009909308365751712,0.0009909308365751712
1,S1D_VH__p08,-0.005803193865890122,0.0
1,S1D_VH__p09,-0.006194341756092375,0.006249626441934136
1,S1D_VH__p10,-4.486982412629792e-05,0.0010724624559967089
1,S1D_VH__p11,-0.004881925146610788,0.0021049775125448478
1,S1D_VH__p12,0.004271170420178549,0.0007026579700318281
1,S1D_VH__p13,0.004003803619615609,0.0010033757296816215
1,S1D_VH__p14,0.0003665105231987764,0.0003665105231987764
1,S1D_VH__p15,0.0005153277136999701,0.00046004302785820905
1,S1D_VH__p16,0.006792399106835156,0.0013262599469495706
1,S1D_VH__p17,0.0007330210463975528,0.0
1,S1D_VH__p18,-0.0005586661400615034,0.0005586661400615034
1,S1D_VH__p19,2.7642342920880525e-05,2.7642342920880525e-05
1,S1D_VH__p20,0.005258508442323229,0.0006303983755617248
1,S1D_VVminusVH__p00,-0.0009337804270064254,0.0009337804270064254
1,S1D_VVminusVH__p01,0.0,0.0
1,S1D_VVminusVH__p02,-0.0066261195705897835,0.007601490312147963
1,S1D_VVminusVH__p03,0.0,0.0
1,S1D_VVminusVH__p04,-0.0009661674704775636,0.0
1,S1D_VVminusVH__p05,0.0,0.0
1,S1D_VVminusVH__p06,0.00032248247857591394,0.0006528882629822652
1,S1D_VVminusVH__p07,5.528468584176105e-05,0.0
1,S1D_VVminusVH__p08,-0.0008828485548013076,0.003404982242447674
1,S1D_VVminusVH__p09,-0.005313971724020761,0.000489222141869361
1,S1D_VVminusVH__p10,-0.002798836756823714,0.0009365339298631203
1,S1D_VVminusVH__p11,0.0030728196182678025,0.0030175349324260414
1,S1D_VVminusVH__p12,0.007462440940175036,0.007462440940175036
1,S1D_VVminusVH__p13,-0.0059359337061404005,0.006583972205472771
1,S1D_VVminusVH__p14,-0.0008396167496184381,0.00022128422373221546
1,S1D_VVminusVH__p15,-0.006347323401892091,0.00732269414345027
1,S1D_VVminusVH__p16,0.0,0.0
1,S1D_VVminusVH__p17,0.0,0.0
1,S1D_VVminusVH__p18,0.0009753707415581792,0.0
1,S1D_VVminusVH__p19,-0.0034991527162519798,0.0005156954955066462
1,S1D_VVminusVH__p20,-0.0010417498753002852,7.55824048227216e-05
2,B2__p00,0.000573802801048906,0.000573802801048906
2,B2__p01,0.0014960095732806933,0.00010599965307642178
2,B2__p02,0.0004187090375108171,0.0020319948044819347
2,B2__p03,-0.0007892975723940709,0.0007892975723940709
2,B2__p04,-0.0009009648248343161,0.0009009648248343161
2,B2__p05,0.010754262485939525,0.007827366855183537
2,B2__p06,0.0,0.0
2,B2__p07,0.01253560865293954,0.0007560269188176261
2,B2__p08,0.009327760246832628,0.0014085046254080913
2,B2__p09,0.0,0.0
2,B2__p10,0.0052608243589034875,0.00019427822240850046
2,B2__p11,0.0013200071347336806,0.0017358391492043879
2,B2__p12,-0.0008249761113219845,0.0007883096556491331
2,B2__p13,0.004593812562883465,0.002524159572831003
2,B2__p14,0.0048679170911829495,0.0
2,B2__p15,0.00608339822974327,0.006661776494733512
2,B2__p16,-6.494624249595016e-05,0.0007754449456342793
2,B2__p17,-0.0016834514160408987,0.00043876971406939247
2,B2__p18,0.002482248299265799,3.5725966602784265e-05
2,B2__p19,0.002047206042469718,2.672946368925677e-05
2,B2__p20,0.002315620946435476,3.220744144347143e-05
2,B3__p00,0.0011535371419041096,0.00048557372446092484
2,B3__p01,0.0017864317475213276,0.002059722098632616
2,B3__p02,-0.0007727260771342725,0.0008058690676538693
2,B3__p03,-0.00045201120492482927,0.00045201120492482927
2,B3__p04,-0.00045201120492482927,0.00045201120492482927
2,B3__p05,-0.00033511610892947297,0.00033511610892947297
2,B3__p06,0.0,0.0
2,B3__p07,-0.0007892975723940709,0.0007892975723940709
2,B3__p08,0.0,0.0
2,B3__p09,0.0,0.0
2,B3__p10,0.0005786145552976463,0.0003317013190194118
2,B3__p11,0.0038898896909667913,0.0037162728401266276
2,B3__p12,0.0032527642200910756,0.0038987625852116015
2,B3__p13,-0.0004344517929201208,0.0004344517929201208
2,B3__p14,0.0,0.0
2,B3__p15,-0.0007892975723940709,0.0007892975723940709
2,B3__p16,-0.0008689035858402416,0.0
2,B3__p17,-0.0015785951447881419,0.0
2,B3__p18,-0.00038792915565669106,0.0012253566113144265
2,B3__p19,-0.0015630001232222746,1.559502156586734e-05
2,B3__p20,0.0005150270236708165,0.0014999345326038582
2,B4__p00,0.0045221957934223345,0.0035313775882401255
2,B4__p01,0.0010336897456646732,0.0008812729287917265
2,B4__p02,-0.0007892975723940709,0.0007892975723940709
2,B4__p03,-0.00038792915565669106,0.0012253566113144265
2,B4__p04,-0.0009009648248343161,0.0009009648248343161
2,B4__p05,-0.0007892975723940709,0.0007892975723940709
2,B4__p06,1.6571495259798397e-05,1.6571495259798397e-05
2,B4__p07,-3.666645567285132e-05,0.0
2,B4__p08,0.014870230716545418,0.0
2,B4__p09,0.0,0.0
2,B4__p10,0.00640538447297348,0.0040646800369172065
2,B4__p11,0.0008929705632256257,1.7345311091432336e-05
2,B4__p12,-0.0019031650896113028,0.00032456994482316093
2,B4__p13,3.314299051959679e-05,0.0
2,B4__p14,0.00041871372782886773,0.00041871372782886773
2,B4__p15,-3.666645567285132e-05,0.0
2,B4__p16,-0.0009040224098496585,0.0
2,B4__p17,-0.0015959404558796297,1.7345311091487847e-05
2,B4__p18,-0.0005181810059858294,0.0
2,B4__p19,0.007397683232197999,0.00743434968787085
2,B4__p20,-1.833322783642566e-05,1.833322783642566e-05
2,B5__p00,-0.0022852809199027935,0.0007066857751146516
2,B5__p01,0.009164533162997979,0.012255182145421428
2,B5__p02,0.0004003804999924421,0.0004370469556652934
2,B5__p03,-0.0004896771998926241,0.00045301074421977283
2,B5__p04,-0.00045201120492482927,0.00045201120492482927
2,B5__p05,0.0005509132136396477,0.0014198167994798894
2,B5__p06,0.0,0.0
2,B5__p07,-0.0002444833981719574,0.0013029217034844498
2,B5__p08,3.314299051959679e-05,0.0
2,B5__p09,0.004902072635078081,0.002386461027803377
2,B5__p10,0.006111225575820445,0.000546276252275324
2,B5__p11,0.0024028512539356617,0.0024028512539356617
2,B5__p12,0.0018127077184618146,0.0037882689175444684
2,B5__p13,0.0,0.0
2,B5__p14,0.004988390443475876,0.007435889174104371
2,B5__p15,-0.00032456994482307766,0.00032456994482307766
2,B5__p16,0.002026735204728236,0.000790274046088002
2,B5__p17,0.0,0.0
2,B5__p18,-0.0024474987306284945,0.0
2,B5__p19,0.0,0.0
2,B5__p20,0.00041947939823067104,0.00045614585390352236
2,B6__p00,-0.00023750648989051548,0.0003361887772965755
2,B6__p01,0.002119144357242586,0.0017270094889113574
2,B6__p02,0.0025550069325816493,0.0016446910582645913
2,B6__p03,0.001236461158640234,0.0
2,B6__p04,0.0,0.0
2,B6__p05,0.004584044896598194,0.001412061615583493
2,B6__p06,0.0,0.0
2,B6__p07,0.0019508400490108324,0.002854862458860491
2,B6__p08,0.0,0.0
2,B6__p09,0.008375486977067886,0.0004562313556433495
2,B6__p10,-0.0013529760297591453,0.0004489536199094868
2,B6__p11,0.0015145841592160147,0.00045614585390352236
2,B6__p12,0.003878162421455944,1.7164041963890764e-05
2,B6__p13,0.005468756179602019,0.001542606970494853
2,B6__p14,0.0009700107568299532,0.0016109833449364785
2,B6__p15,-0.00032299918256026294,0.00032299918256026294
2,B6__p16,0.0027996639397247503,1.7345311091487847e-05
2,B6__p17,1.6571495259798397e-05,1.6571495259798397e-05
2,B6__p18,0.003808413289126761,0.0018992696294588829
2,B6__p19,0.0,0.0
2,B6__p20,-0.0024205471051560734,2.6951625472421137e-05
2,B7__p00,0.0037063003967779673,0.0036731574062583705
2,B7__p01,0.0,0.0
2,B7__p02,0.000563350059920753,0.0005302070694011563
2,B7__p03,-0.0007571310555684052,0.000790274046088002
2,B7__p04,0.0,0.0
2,B7__p05,8.112287540132379e-05,1.7559412004736208e-05
2,B7__p06,0.0,0.0
2,B7__p07,-0.00045201120492482927,0.00045201120492482927
2,B7__p08,0.0,0.0
2,B7__p09,0.0,0.0
2,B7__p10,0.011619117608136609,0.0
2,B7__p11,0.0017520099300029068,0.0005155487713626727
2,B7__p12,-0.0015785951447881419,0.0
2,B7__p13,-0.0005244953420912024,0.0010887904248799152
2,B7__p14,-0.0015785951447881419,0.0
2,B7__p15,3.314299051959679e-05,0.0
2,B7__p16,-0.0010483880753869856,0.0005302070694011563
2,B7__p17,-1.833322783642566e-05,1.833322783642566e-05
2,B7__p18,0.00015922299180001764,0.00015922299180001764
2,B7__p19,-0.0008085005176382554,0.0007389045840181518
2,B7__p20,-0.0015959404558796297,1.7345311091487847e-05
2,B8__p00,0.002447215072349185,0.004025810217137327
2,B8__p01,0.0020648820076687446,0.002583063013654574
2,B8__p02,0.001290815911966392,0.0018894390786829418
2,B8__p03,-0.0015785951447881419,0.0
2,B8__p04,0.0,0.0
2,B8__p05,0.005194688338133691,0.0006240689681945577
2,B8__p06,0.0,0.0
2,B8__p07,0.0,0.0
2,B8__p08,0.006967862324071483,0.00596100949908257
2,B8__p09,0.0,0.0
2,B8__p10,-0.00045201120492482927,0.00045201120492482927
2,B8__p11,0.00040841371831651374,0.0010786459361754597
2,B8__p12,0.008845086478438985,0.002312006393337701
2,B8__p13,0.006775884723724979,0.002880558260305144
2,B8__p14,0.0009011950908340283,0.0011089934573346727
2,B8__p15,0.007663876538994557,0.00032299918256026294
2,B8__p16,-0.0002259475124733734,0.0002590905029929702
2,B8__p17,-3.479796681005176e-05,3.479796681005176e-05
2,B8__p18,0.00205127037862185,0.0
2,B8__p19,-0.0007737025508282036,0.0007737025508282036
2,B8__p20,-0.0007892975723940709,0.0007892975723940709
2,B8A__p00,-0.00033511610892947297,0.00033511610892947297
2,B8A__p01,-0.000301172751182216,0.0021794689699657643
2,B8A__p02,-0.0007029398075868443,3.00850672152464e-08
2,B8A__p03,0.0,0.0
2,B8A__p04,0.0,0.0
2,B8A__p05,0.0046859213315976755,0.0026346509529758255
2,B8A__p06,0.0,0.0
2,B8A__p07,0.004043358186091028,0.004010215195571432
2,B8A__p08,0.0,0.0
2,B8A__p09,0.0,0.0
2,B8A__p10,0.0006988282716622884,0.0004487773304355236
2,B8A__p11,0.0,0.0
2,B8A__p12,0.004117707705413448,0.004117707705413448
2,B8A__p13,-3.666645567285132e-05,0.0
2,B8A__p14,-0.0015453244912117248,0.0015453244912117248
2,B8A__p15,0.0009415059174489038,0.0
2,B8A__p16,-0.0005920399307452195,0.0005920399307452195
2,B8A__p17,3.314299051959679e-05,0.0
2,B8A__p18,0.0005483743085612502,0.0006526608643643295
2,B8A__p19,3.314299051959679e-05,0.0
2,B8A__p20,-0.0015630001232222746,1.559502156586734e-05
2,B11__p00,0.0015903417314244717,0.000324620943031928
2,B11__p01,-0.0008063572666365815,0.0007722378781515604
2,B11__p02,-0.0021509191566896624,0.002184062147209259
2,B11__p03,-0.0005240652692553582,3.078219240332247e-05
2,B11__p04,-0.0014807494136200305,0.0009371234282979368
2,B11__p05,0.00917253524680603,0.001696094438284862
2,B11__p06,0.0,0.0
2,B11__p07,0.004942520987946369,0.0007756442312118195
2,B11__p08,0.019539288048861042,0.00013664517555569966
2,B11__p09,0.0,0.0
2,B11__p10,0.0021098109933622433,0.002849002849002885
2,B11__p11,-0.0012403208605739902,0.0012403208605739902
2,B11__p12,0.006683467765608214,0.00434421080872785
2,B11__p13,0.002432402127993949,0.004010997272782091
2,B11__p14,0.0,0.0
2,B11__p15,-0.0019473441284164894,0.002888850045865393
2,B11__p16,-0.00033511610892947297,0.00033511610892947297
2,B11__p17,0.0,0.0
2,B11__p18,-0.0005637182479738267,0.0004868549172346859
2,B11__p19,-0.0014184983657131445,0.0007364992105754198
2,B11__p20,0.0005046044958664231,0.001546665882755427
2,B12__p00,0.0021087456309743513,0.0007100905154489578
2,B12__p01,0.00045515793715852904,0.00045515793715852904
2,B12__p02,-0.00035128265558864724,0.0003146161999157959
2,B12__p03,0.003642940831195346,0.0052562265981664635
2,B12__p04,0.0,0.0
2,B12__p05,-0.002029618432968061,0.0004510232881799192
2,B12__p06,1.6571495259798397e-05,1.6571495259798397e-05
2,B12__p07,0.004805702507871323,0.0
2,B12__p08,0.0,0.0
2,B12__p09,-0.0010675910206311978,0.0005110041241569441
2,B12__p10,-0.0005942066119223877,7.602560593655827e-05
2,B12__p11,-0.0005932301382284566,0.0009853650065596853
2,B12__p12,0.0,0.0
2,B12__p13,0.00045515793715852904,0.00045515793715852904
2,B12__p14,-0.0009388661221594874,3.4843712309828856e-05
2,B12__p15,0.0038103493205827454,0.0006344276922877479
2,B12__p16,-0.0024806417211479803,0.0
2,B12__p17,-3.666645567285132e-05,0.0
2,B12__p18,-0.00016534695302306002,0.0004837929366230953
2,B12__p19,-0.0004178802976603224,0.0004510232881799192
2,B12__p20,0.01838111350060223,0.000791059809627459
2,NDVI__p00,0.0004707529587244519,0.0004707529587244519
2,NDVI__p01,0.0004378126260670967,0.0004378126260670967
2,NDVI__p02,0.0014405229437182976,0.0005302070694012395
2,NDVI__p03,-0.001124413681323544,0.000454181463464598
2,NDVI__p04,0.016964119400011246,0.0004551579371585568
2,NDVI__p05,-0.0003341396352355419,0.0012444555095526
2,NDVI__p06,0.0,0.0
2,NDVI__p07,0.0,0.0
2,NDVI__p08,-0.0015453244912117248,0.0015453244912117248
2,NDVI__p09,7.720794773141693e-05,0.0009812303575810755
2,NDVI__p10,-0.0009040224098496585,0.0
2,NDVI__p11,0.0002044894527803709,0.0011781992872496871
2,NDVI__p12,0.0028865835914586024,0.004465178736246744
2,NDVI__p13,-0.00044083810396006173,0.0012782655596177972
2,NDVI__p14,0.005352481072532306,0.0005467785646609824
2,NDVI__p15,-0.00022181286349473583,0.0022256858671337587
2,NDVI__p16,0.001497795181841316,0.0024018175916909745
2,NDVI__p17,-0.0015785951447881419,0.0
2,NDVI__p18,0.0,0.0
2,NDVI__p19,-0.0015785951447881419,0.0
2,NDVI__p20,-0.0007892975723940709,0.0007892975723940709
2,NDRE__p00,-0.0007892975723940709,0.0007892975723940709
2,NDRE__p01,-0.00045201120492482927,0.00045201120492482927
2,NDRE__p02,0.0011018435977473984,0.0009494267808744516
2,NDRE__p03,-0.0019025708010423359,0.00025242677524622836
2,NDRE__p04,-0.00035148494632697425,0.0012271101984611676
2,NDRE__p05,-0.0014384374620403095,0.0007892975723941542
2,NDRE__p06,0.0,0.0
2,NDRE__p07,0.004540216425438309,0.004540216425438309
2,NDRE__p08,0.002119346647980913,0.0010609083426684207
2,NDRE__p09,0.0016391108663650344,0.0
2,NDRE__p10,-0.001409694771898229,0.00036763338500922504
2,NDRE__p11,-0.0009115884101128235,0.0008161695590493678
2,NDRE__p12,0.007477775332670272,0.0035663556076981073
2,NDRE__p13,0.003913591549644796,0.001862321171022946
2,NDRE__p14,0.0025080343275590278,0.0003089749232572103
2,NDRE__p15,-0.0007571310555684052,0.000790274046088002
2,NDRE__p16,-0.0009040224098496585,0.0
2,NDRE__p17,-0.0031079728220411162,0.0015293776772529744
2,NDRE__p18,-0.019943229545252544,0.0192773306897481
2,NDRE__p19,-0.0007029698926540595,0.0
2,NDRE__p20,-0.0008249761113219845,0.0007883096556491331
2,GNDVI__p00,0.011746485770793402,0.0015451498009637632
2,GNDVI__p01,-0.0002425190077331718,0.0002425190077331718
2,GNDVI__p02,0.00014862349357197546,0.00018528994924482678
2,GNDVI__p03,-3.666645567285132e-05,0.0
2,GNDVI__p04,0.0013230962830967918,0.0003160145832682426
2,GNDVI__p05,-9.361896670861958e-06,0.0022698227258047543
2,GNDVI__p06,0.0,0.0
2,GNDVI__p07,-0.0015453244912117248,0.0015453244912117248
2,GNDVI__p08,0.0,0.0
2,GNDVI__p09,0.003461289559248154,0.0024028512539356617
2,GNDVI__p10,-0.002285405658488726,0.0008632022426530717
2,GNDVI__p11,-0.0016884626005165826,0.000759036130111912
2,GNDVI__p12,0.005619948619464049,0.001700623665109452
2,GNDVI__p13,-3.666645567285132e-05,0.0
2,GNDVI__p14,0.0019077622955939177,0.00045872431856858187
2,GNDVI__p15,0.0008929705632256257,1.7345311091432336e-05
2,GNDVI__p16,0.0008010321453172653,0.0008010321453172653
2,GNDVI__p17,-0.003931306489291686,0.0023180207223205684
2,GNDVI__p18,-0.004091151668514703,0.002570314409761798
2,GNDVI__p19,-0.0037453683574701357,1.4809258026493577e-05
2,GNDVI__p20,0.0010463413335493055,0.0001360254592322474
2,EVI__p00,0.0025318913695618617,1.7535371120286358e-05
2,EVI__p01,-0.0002590905029929147,0.0002590905029929147
2,EVI__p02,0.0010175315233854065,7.602560593650276e-05
2,EVI__p03,0.00045515793715852904,0.00045515793715852904
2,EVI__p04,0.0,0.0
2,EVI__p05,0.004448595797935939,0.003538279923618881
2,EVI__p06,1.6571495259798397e-05,1.6571495259798397e-05
2,EVI__p07,0.0,0.0
2,EVI__p08,0.0008195554331825172,0.0008195554331825172
2,EVI__p09,0.004436703685466892,0.004540990241269971
2,EVI__p10,0.0026369395952994257,0.0006219780390247509
2,EVI__p11,-0.0010483880753869856,0.0005302070694011563
2,EVI__p12,-0.0005232533810646256,0.00038076902878503294
2,EVI__p13,-0.0029370534066900378,0.0012129865600795653
2,EVI__p14,-0.00010428655580307922,0.0
2,EVI__p15,0.00023846175465441766,0.00015373328381124152
2,EVI__p16,-8.473122993168936e-05,0.0009256450602104782
2,EVI__p17,-0.0011588935002143919,0.00041970164457375003
2,EVI__p18,-0.00032456994482307766,0.00032456994482307766
2,EVI__p19,-0.0006556024029827356,1.462981487621029e-05
2,EVI__p20,0.00254617246962785,0.0022992592333496154
2,LSWI__p00,0.005381052436418898,0.0006245827159479522
2,LSWI__p01,0.005768887055157351,0.00043858644189878615
2,LSWI__p02,0.0003631123582917839,0.00065666041275797
2,LSWI__p03,0.0009103158743170581,0.0
2,LSWI__p04,1.6571495259798397e-05,1.6571495259798397e-05
2,LSWI__p05,0.0037855346674947332,0.0006130993148981967
2,LSWI__p06,0.0,0.0
2,LSWI__p07,0.00856799103301456,0.0005459964874502676
2,LSWI__p08,1.6571495259798397e-05,1.6571495259798397e-05
2,LSWI__p09,0.0017708135468241237,0.0017708135468241237
2,LSWI__p10,-0.013907499852630317,0.0009558132042957468
2,LSWI__p11,-0.0024806417211479803,0.0
2,LSWI__p12,-0.0005181810059858294,0.0009737098344693162
2,LSWI__p13,-0.0015785951447881419,0.0
2,LSWI__p14,-0.0016143695852921247,3.577444050398282e-05
2,LSWI__p15,-0.0007900713882257604,0.0008232143787453572
2,LSWI__p16,0.00830181053681403,0.0018026706852151408
2,LSWI__p17,0.0029129066209687415,0.0007797278819816345
2,LSWI__p18,0.0009240838940971219,0.002002811736658866
2,LSWI__p19,0.0025727217206392428,0.0032051282051282215
2,LSWI__p20,0.0005292191526562462,0.0005292191526562462
2,S1A_VV__p00,0.002769688495463163,0.004348283640251305
2,S1A_VV__p01,0.007744548755178493,0.005613280975599821
2,S1A_VV__p02,-0.0003763605956616789,0.0021042811254863014
2,S1A_VV__p03,-0.0013529760297591453,0.0004489536199094868
2,S1A_VV__p04,-0.00045201120492482927,0.00045201120492482927
2,S1A_VV__p05,-0.00181562741525651,0.00029090884019664087
2,S1A_VV__p06,0.0019304358888869166,0.001056539404250989
2,S1A_VV__p07,-0.0016757605702390765,0.000771738160389418
2,S1A_VV__p08,-3.666645567285132e-05,0.0
2,S1A_VV__p09,-0.0007899939986468762,0.00027181299266104686
2,S1A_VV__p10,-0.002100094938706054,0.0004172132381147775
2,S1A_VV__p11,-0.0003204862940532627,0.0003204862940532627
2,S1A_VV__p12,0.002209067623113431,0.004010997272782063
2,S1A_VV__p13,0.02626449833054348,0.007846591367879324
2,S1A_VV__p14,-0.0019515667629808608,0.0010549773477526725
2,S1A_VV__p15,0.005031543859663562,0.004011771088613808
2,S1A_VV__p16,0.0012458905853495184,0.0008064581822921357
2,S1A_VV__p17,-0.0017041663562265552,0.0
2,S1A_VV__p18,-0.01533501628805456,0.0016566632342934762
2,S1A_VV__p19,-0.0004344517929201208,0.0004344517929201208
2,S1A_VV__p20,0.005945957643132355,0.000714008652587611
2,S1A_VH__p00,0.0034928162667962614,0.004010997272782091
2,S1A_VH__p01,0.007613867700411947,0.002096351907360239
2,S1A_VH__p02,-1.833322783642566e-05,1.833322783642566e-05
2,S1A_VH__p03,0.0017643921352842318,0.0003988800102783241
2,S1A_VH__p04,-0.0013529760297591453,0.0004489536199094868
2,S1A_VH__p05,0.0018846702479498323,0.0024028512539356617
2,S1A_VH__p06,0.00209990166183191,0.0011583957443830062
2,S1A_VH__p07,0.00014677577374244688,0.0010156793595826885
2,S1A_VH__p08,-0.0001541451781475467,0.00032747620392808985
2,S1A_VH__p09,0.0061126856502493054,0.0034955538801692554
2,S1A_VH__p10,0.005127007138603701,0.0044649954640760825
2,S1A_VH__p11,0.004921313147099204,0.004010997272782146
2,S1A_VH__p12,0.0004099266561415349,1.773161767587572e-05
2,S1A_VH__p13,0.0016965077588748656,0.0008883316033911903
2,S1A_VH__p14,0.000622635349991324,5.1369462069877914e-05
2,S1A_VH__p15,0.005147426648580367,0.0004930966469428033
2,S1A_VH__p16,0.0023623984154398925,0.0010258140059737353
2,S1A_VH__p17,0.0,0.0
2,S1A_VH__p18,0.0015791663784860965,0.0
2,S1A_VH__p19,-0.0003662067684541137,0.0021144349526938666
2,S1A_VH__p20,-0.0015358913932106144,0.00028905359900130434
2,S1A_VVminusVH__p00,-0.0020128101943448495,0.00021172314542955428
2,S1A_VVminusVH__p01,0.003998542010418216,0.0020515581875995004
2,S1A_VVminusVH__p02,0.0022429811647406706,0.001945364775209818
2,S1A_VVminusVH__p03,-0.0011611099373211309,0.002071425811638189
2,S1A_VVminusVH__p04,0.0011087712618619294,5.42106023908584e-05
2,S1A_VVminusVH__p05,0.00030425955692778284,0.0007892975723941265
2,S1A_VVminusVH__p06,-0.0007055100084645272,0.0001318147412774362
2,S1A_VVminusVH__p07,0.006566585463137958,0.004416632797110104
2,S1A_VVminusVH__p08,0.0007874204380875771,0.00012289543622948096
2,S1A_VVminusVH__p09,0.0065669855882641015,0.007435889174104343
2,S1A_VVminusVH__p10,-0.0008066428834855588,0.0008066428834855588
2,S1A_VVminusVH__p11,0.003506842789955694,0.0036111293457587734
2,S1A_VVminusVH__p12,-0.0007590397116056802,0.0008195554331824617
2,S1A_VVminusVH__p13,-1.833322783642566e-05,1.833322783642566e-05
2,S1A_VVminusVH__p14,-0.00031854461366967457,0.00035168760418927136
2,S1A_VVminusVH__p15,-0.0005199427385625122,3.4904723096168544e-05
2,S1A_VVminusVH__p16,-5.322119913386825e-05,0.0007883096556491331
2,S1A_VVminusVH__p17,0.004166536916133334,0.0013495276653170962
2,S1A_VVminusVH__p18,0.00015241681687294673,0.0
2,S1A_VVminusVH__p19,-0.0021386093531994277,1.6388223089136567e-05
2,S1A_VVminusVH__p20,-0.00018188255526158104,0.0012403208605740734
2,S1D_VV__p00,0.0020221747136023593,0.0006426123609298562
2,S1D_VV__p01,-0.0018800027370157735,0.00033259763535936626
2,S1D_VV__p02,0.001317505042374073,0.001317505042374073
2,S1D_VV__p03,0.002556956983309683,0.0005862269701901457
2,S1D_VV__p04,0.00046904962887348023,0.0014812094073096416
2,S1D_VV__p05,-0.001124413681323544,0.000454181463464598
2,S1D_VV__p06,0.005798931414851022,0.00018251162614671412
2,S1D_VV__p07,0.006848114304643826,0.026746889680486385
2,S1D_VV__p08,0.014114647292640281,0.000790274046088002
2,S1D_VV__p09,0.0010356138525117187,0.0004134241245136172
2,S1D_VV__p10,0.008037783963613376,1.5789418049083626e-05
2,S1D_VV__p11,0.0011482865184412328,0.00041319806192596786
2,S1D_VV__p12,0.0070330789994955956,0.00461437104713483
2,S1D_VV__p13,-0.0004186623748709817,0.0004186623748709817
2,S1D_VV__p14,0.010689273464145471,0.003095435016007425
2,S1D_VV__p15,-0.0002471735857544066,0.0005003395269460309
2,S1D_VV__p16,0.00045515793715852904,0.00045515793715852904
2,S1D_VV__p17,-0.0005630053017864345,7.796728632009087e-05
2,S1D_VV__p18,-0.0008627646802314981,0.0022648951692070818
2,S1D_VV__p19,0.0016066989905844653,0.0015735560000648685
2,S1D_VV__p20,-0.001712568672987691,0.0008085462631380325
2,S1D_VH__p00,0.0010584383053124924,0.0
2,S1D_VH__p01,0.003600711837437154,0.0016299818243176167
2,S1D_VH__p02,-0.0013918512962680374,0.001088790424879943
2,S1D_VH__p03,-0.0010941888448814663,0.00045321625677494093
2,S1D_VH__p04,-0.005698861011946749,0.006964581800339292
2,S1D_VH__p05,-0.00033066336746259695,0.0005884550554189072
2,S1D_VH__p06,0.0025584800512163663,0.0011757913111863083
2,S1D_VH__p07,0.0009103158743170581,0.0
2,S1D_VH__p08,0.0022299669315847814,0.0006969286991712065
2,S1D_VH__p09,0.0036605604136290826,0.002125053902179569
2,S1D_VH__p10,0.00858430843684338,1.67601542360174e-05
2,S1D_VH__p11,0.00011091431970206012,4.735085630547253e-05
2,S1D_VH__p12,0.0002630003493429012,0.0012699410067378292
2,S1D_VH__p13,-0.00177446469730827,0.0002900649438784819
2,S1D_VH__p14,0.0019866144196989677,0.0006483956650491784
2,S1D_VH__p15,0.0010759977173172008,1.7559412004708452e-05
2,S1D_VH__p16,-0.0008520831781132776,0.0008520831781132776
2,S1D_VH__p17,-0.000489985989035796,0.0010886091557523458
2,S1D_VH__p18,2.2103862001410235e-05,0.0003454537107985822
2,S1D_VH__p19,-0.0003002087880480675,0.0013478511136349736
2,S1D_VH__p20,0.00038565894832934267,0.0004552548819494462
2,S1D_VVminusVH__p00,0.0015114104872842593,0.00012770037908077514
2,S1D_VVminusVH__p01,-0.002046963744059549,0.00043367797708843137
2,S1D_VVminusVH__p02,0.016810652950713767,0.001905731611985484
2,S1D_VVminusVH__p03,-0.0001842776551867764,0.002296364065961204
2,S1D_VVminusVH__p04,0.0010585969107029525,0.0010254539201833557
2,S1D_VVminusVH__p05,-0.000759472554469981,0.0007926155449895778
2,S1D_VVminusVH__p06,0.0012588602450757935,0.008846320130366875
2,S1D_VVminusVH__p07,-0.0014476483951717523,0.0
2,S1D_VVminusVH__p08,0.0030395328584963965,4.748639812524047e-05
2,S1D_VVminusVH__p09,0.001174999649447006,0.0
2,S1D_VVminusVH__p10,-0.001658201158234368,0.0007892975723941265
2,S1D_VVminusVH__p11,0.0008245449928812321,1.636883739755679e-05
2,S1D_VVminusVH__p12,0.0003969820557163939,0.00011016579083830691
2,S1D_VVminusVH__p13,0.0009991416138540044,0.0
2,S1D_VVminusVH__p14,0.008802546645757692,0.0026005032979209974
2,S1D_VVminusVH__p15,0.002794657412280771,0.0015903927296332665
2,S1D_VVminusVH__p16,0.0,0.0
2,S1D_VVminusVH__p17,0.001042025415443154,0.001042025415443154
2,S1D_VVminusVH__p18,6.331992846012047e-05,0.0011947228533883136
2,S1D_VVminusVH__p19,-0.00030254225815731783,0.0013960993874792271
2,S1D_VVminusVH__p20,-0.0008066428834855588,0.0008066428834855588
3,B2__p00,-0.002019876928322145,0.002019876928322145
3,B2__p01,-0.001706833759938714,0.0031251390775473287
3,B2__p02,-0.005845372434483742,0.0004200794037258482
3,B2__p03,-0.0029053659852784353,0.00023443874261516728
3,B2__p04,0.01932575708323861,0.019385233240654914
3,B2__p05,-9.281828167490014e-05,0.0012045175378814776
3,B2__p06,0.0,0.0
3,B2__p07,0.038766766744546155,0.0
3,B2__p08,-0.001004324915825472,0.0
3,B2__p09,0.026631379287762325,0.006963493010004651
3,B2__p10,-0.0003858028107562306,0.0004334452132404576
3,B2__p11,-0.0012973358195563778,0.0
3,B2__p12,-0.0008677785159564855,0.0
3,B2__p13,-0.002560962146418433,0.0024138380339823184
3,B2__p14,-0.0023865495276248483,0.0006189298310700364
3,B2__p15,-0.010843401984426931,0.004441718844643755
3,B2__p16,-0.0049657603711242004,0.0005224878968373703
3,B2__p17,0.0001621354705221567,0.0004329643237873382
3,B2__p18,0.0001254951490848033,0.0006435242953884701
3,B2__p19,-0.005493914519421217,0.0032075387771847153
3,B2__p20,-0.0006371143936192147,0.00043388925797824274
3,B3__p00,-0.0044913765979126274,0.003119207849234057
3,B3__p01,-0.0011637451531582022,0.00045787545787545625
3,B3__p02,0.001679189445899315,2.788821032631561e-05
3,B3__p03,-0.0026487928283034923,0.00043022255457852987
3,B3__p04,-0.0008615909819145728,0.0
3,B3__p05,-0.00043964967569742885,0.0010918323433550814
3,B3__p06,0.0,0.0
3,B3__p07,0.0,0.0
3,B3__p08,-0.0007058696952827459,0.0
3,B3__p09,-0.0011092851368624812,0.0011092851368624812
3,B3__p10,-0.0004595628598801915,0.0006103698314019468
3,B3__p11,-0.001289607698412687,0.0004508580625577352
3,B3__p12,-0.002407582342308423,0.0023577407055382915
3,B3__p13,-0.0015523078412060243,0.0011399815790327783
3,B3__p14,-0.0013768728173738365,2.376057716482749e-05
3,B3__p15,-0.0050982456806108745,0.00046339202965708925
3,B3__p16,-0.005932189470510274,0.0
3,B3__p17,-0.0011696862284697462,0.0011102100710534413
3,B3__p18,-0.00042760792482476884,0.00010147326496573461
3,B3__p19,-0.0004633920296570615,0.0004633920296570615
3,B3__p20,0.0010421341310768995,0.0004585169599496397
3,B4__p00,-0.0006486679097781889,0.0006486679097781889
3,B4__p01,5.67949917470445e-05,0.0011083602026715766
3,B4__p02,-0.004891873408443631,0.00025701975748984585
3,B4__p03,-0.001523407748199479,0.0012525788949342975
3,B4__p04,0.0,0.0
3,B4__p05,-0.0008677785159564855,0.0
3,B4__p06,0.0,0.0
3,B4__p07,0.0,0.0
3,B4__p08,0.0,0.0
3,B4__p09,0.0,0.0
3,B4__p10,-0.0038654348542555006,0.0003988367995506614
3,B4__p11,-0.000926784059314123,0.0
3,B4__p12,0.00039851525116749165,0.00019658454314200324
3,B4__p13,-0.011794538116167708,0.011591312980526736
3,B4__p14,-4.9841636770131537e-05,0.0
3,B4__p15,0.009193366515365758,0.0004358710916512465
3,B4__p16,-0.005069919415216145,0.0004350657642623601
3,B4__p17,0.0008023979515746904,0.0008023979515746904
3,B4__p18,-0.0022185702737249624,0.0
3,B4__p19,-0.0001363393608234953,0.0007314391551329902
3,B4__p20,-0.00043388925797824274,0.00043388925797824274
3,B5__p00,-0.00010515784879397416,1.8394629519302708e-06
3,B5__p01,-0.00022975829427440697,0.00022975829427440697
3,B5__p02,-0.0007078277509044439,0.0003315704932423946
3,B5__p03,-0.00043388925797824274,0.00043388925797824274
3,B5__p04,-0.00493451191380001,2.6476397012864528e-05
3,B5__p05,-0.00035855123453612525,0.00010096535401268869
3,B5__p06,0.0,0.0
3,B5__p07,-0.001196370465543689,0.00010096535401268869
3,B5__p08,0.0,0.0
3,B5__p09,0.0,0.0
3,B5__p10,0.022512198345203904,0.015468041594227155
3,B5__p11,-0.00037900622294975705,0.0009741060172592519
3,B5__p12,-0.0012140157562857967,0.0016953954900424673
3,B5__p13,-0.0011721148981372054,0.0003043363821807199
3,B5__p14,-0.00040961565340091877,0.00040961565340091877
3,B5__p15,0.00029754989715474744,0.00029754989715474744
3,B5__p16,0.0001960766321890406,0.0001960766321890406
3,B5__p17,0.0,0.0
3,B5__p18,4.1489196596383726e-05,0.00010096535401268869
3,B5__p19,-0.00043388925797824274,0.00043388925797824274
3,B5__p20,-0.0017106998750836544,0.00010096535401271645
3,B6__p00,-0.0001937303428286019,0.0007330537164855211
3,B6__p01,0.002394182216623242,0.0015974326753210866
3,B6__p02,-0.0013989483873768638,0.000101612567820486
3,B6__p03,-0.0012973358195563778,0.0
3,B6__p04,-0.00045951658854881394,0.0
3,B6__p05,-0.0023174268254768926,0.0023174268254768926
3,B6__p06,0.0,0.0
3,B6__p07,-0.0017353665185345646,0.0017353665185345646
3,B6__p08,0.0,0.0
3,B6__p09,0.0,0.0
3,B6__p10,-0.00043896072053703494,0.0008311139849151161
3,B6__p11,-0.00042760792482476884,0.00010147326496573461
3,B6__p12,0.013181471126602812,0.0001305629522044549
3,B6__p13,-0.0009222021060203978,5.4423590063912286e-05
3,B6__p14,0.0003202343743979874,0.00037007601116811895
3,B6__p15,-0.0005868233637824072,0.0001206212627187786
3,B6__p16,-0.003617447457323064,0.0
3,B6__p17,-0.0021954569103679045,2.3113363357057937e-05
3,B6__p18,-0.007789209846878364,0.0015525604220917866
3,B6__p19,-0.0023260443923804885,0.0007044237813468301
3,B6__p20,-0.0007751299609062567,0.0005531269225052815
3,B7__p00,-2.9738078708152482e-05,2.9738078708152482e-05
3,B7__p01,-5.6545191706863784e-05,0.0007014672541925948
3,B7__p02,2.414119344040788e-06,0.0011092851368625367
3,B7__p03,-0.002660616774080693,0.0011600558188833432
3,B7__p04,-0.00022975829427440697,0.00022975829427440697
3,B7__p05,-0.000493130108365214,0.000433653950948909
3,B7__p06,0.0,0.0
3,B7__p07,-0.007546218901570867,0.0
3,B7__p08,0.0,0.0
3,B7__p09,0.0,0.0
3,B7__p10,-0.00571858732499439,0.0002136021455158843
3,B7__p11,0.0019109011718940194,0.002286015060662172
3,B7__p12,-0.00025949637298255945,0.0002000202155662545
3,B7__p13,-0.0012320123423217866,0.0003052282830076636
3,B7__p14,8.60154353224396e-06,0.0002966267394754196
3,B7__p15,0.0004903369725594853,2.4138141222235232e-05
3,B7__p16,-0.001973396949419254,0.0011056184334627683
3,B7__p17,0.0,0.0
3,B7__p18,-0.0026097420444704256,0.0015290784804211366
3,B7__p19,0.0,0.0
3,B7__p20,-0.0016996568600949058,0.00038148033948756654
3,B8__p00,-0.00026826599060220113,0.0002497631557014657
3,B8__p01,-0.00022975829427440697,0.00022975829427440697
3,B8__p02,-0.0017216246046236616,0.0011056184334627406
3,B8__p03,-0.0003080030855804605,0.0003080030855804605
3,B8__p04,-0.000829165979649632,0.0005583371263844505
3,B8__p05,-0.0016033401794186553,0.0006765561201045323
3,B8__p06,0.0,0.0
3,B8__p07,-0.000982823357448287,0.00010226602484827985
3,B8__p08,-0.0005118816782491709,0.0005118816782491709
3,B8__p09,0.0,0.0
3,B8__p10,0.0,0.0
3,B8__p11,0.0,0.0
3,B8__p12,-0.0013901305570586664,0.001283133245312762
3,B8__p13,0.00015113213649758928,0.0016275834168155145
3,B8__p14,0.0006739555800053254,0.00010032430414597115
3,B8__p15,-0.0054305750781002415,0.0008346260467199107
3,B8__p16,-0.002291910189166163,0.0005350577810609158
3,B8__p17,-0.0008556743638190034,7.110969549511958e-05
3,B8__p18,-0.0016216206110336584,0.0
3,B8__p19,-0.00047001674500815604,0.0004105405875918511
3,B8__p20,-0.00044341751221305126,0.0001725886589478698
3,B8A__p00,-2.4920818385065768e-05,2.4920818385065768e-05
3,B8A__p01,0.0,0.0
3,B8A__p02,-5.3498655872952217e-05,5.3498655872952217e-05
3,B8A__p03,0.0,0.0
3,B8A__p04,0.0,0.0
3,B8A__p05,-0.0012181876351698429,0.0
3,B8A__p06,0.0,0.0
3,B8A__p07,0.0003845097222366367,0.0003845097222366367
3,B8A__p08,0.0,0.0
3,B8A__p09,0.0,0.0
3,B8A__p10,0.0005950997943094949,0.0
3,B8A__p11,-0.001385076323991874,0.001385076323991874
3,B8A__p12,0.0,0.0
3,B8A__p13,0.019383383372273078,0.019383383372273078
3,B8A__p14,0.003506391013394894,7.08674543811183e-05
3,B8A__p15,-0.004645306839379498,0.000605552982735208
3,B8A__p16,0.0,0.0
3,B8A__p17,-0.003366152095554048,0.0021954856147139157
3,B8A__p18,0.00027248859825326766,0.00027248859825326766
3,B8A__p19,-0.0014764512803179253,0.0
3,B8A__p20,-0.0022215803833271486,5.831591619603893e-05
3,B11__p00,-0.0030261195061201396,0.00029939976553661207
3,B11__p01,-0.000493130108365214,0.000433653950948909
3,B11__p02,-0.00043388925797824274,0.00043388925797824274
3,B11__p03,-0.0011594575223403403,0.0012330529620155628
3,B11__p04,-0.0013695275098188353,0.00196462730412833
3,B11__p05,-0.0011092851368624812,0.0011092851368624812
3,B11__p06,0.0,0.0
3,B11__p07,0.0001009653540127442,0.0001009653540127442
3,B11__p08,-0.0012973358195563778,0.0
3,B11__p09,-0.0013989483873768638,0.000101612567820486
3,B11__p10,-0.004070174733734527,0.0007241878243388344
3,B11__p11,-0.002346004662964807,0.002346004662964807
3,B11__p12,-0.0015201936687759543,0.0009016184577847752
3,B11__p13,0.0005950997943094949,0.0
3,B11__p14,-0.0005150408171482046,0.00010096535401271645
3,B11__p15,-0.0032487228570146076,0.0015645273329434883
3,B11__p16,-0.004339267018837828,0.0034714885028813425
3,B11__p17,0.0004535836032550089,0.0004535836032550089
3,B11__p18,0.0002019307080254884,0.0
3,B11__p19,0.0,0.0
3,B11__p20,-0.00044632428007695957,0.00042726777160739804
3,B12__p00,-0.0037723152068749044,0.0014373794351007774
3,B12__p01,-0.004821550340777053,0.001204102883453989
3,B12__p02,-5.9476157416304964e-05,0.0
3,B12__p03,-0.0005880988014725641,0.0016997980576791416
3,B12__p04,-0.0003119288878531967,0.0005558496281032888
3,B12__p05,-0.00022975829427440697,0.00022975829427440697
3,B12__p06,0.0,0.0
3,B12__p07,-0.00012879294026171828,0.00012879294026171828
3,B12__p08,-0.0009146429323376726,0.0003826928872187052
3,B12__p09,-0.001057358628988203,0.001057358628988203
3,B12__p10,0.0,0.0
3,B12__p11,0.0,0.0
3,B12__p12,0.0005558496281032888,0.0005558496281032888
3,B12__p13,-0.00718805133600639,0.0006739383569782376
3,B12__p14,-0.000616006171160921,0.0
3,B12__p15,0.00018294351605308012,0.0006424601046018941
3,B12__p16,0.0011510887252675628,0.0005559889309580679
3,B12__p17,0.00015510699539772466,0.0007520602111122932
3,B12__p18,-0.0008938867359801761,0.00043437014743136215
3,B12__p19,-0.0005963368388254287,0.0007319200445861096
3,B12__p20,-0.0054618744562090205,0.0008270208052552352
3,NDVI__p00,0.0002696616868284596,0.0002696616868284596
3,NDVI__p01,-0.00045951658854881394,0.0
3,NDVI__p02,-0.00013541442663259073,0.00013541442663259073
3,NDVI__p03,-0.0009693910837769715,0.000101612567820486
3,NDVI__p04,0.0,0.0
3,NDVI__p05,-0.0005853332404200662,0.0005853332404200662
3,NDVI__p06,0.0,0.0
3,NDVI__p07,0.0,0.0
3,NDVI__p08,0.0,0.0
3,NDVI__p09,-0.0012973358195563778,0.0
3,NDVI__p10,-0.006584428000969145,0.0010794428214906393
3,NDVI__p11,-0.00045951658854881394,0.0
3,NDVI__p12,-0.0005355018257987287,0.00033227669015775674
3,NDVI__p13,-0.003622939683721571,0.0014043694099966086
3,NDVI__p14,-0.0007801275272122377,7.425783192949176e-05
3,NDVI__p15,-0.0014622199845038542,0.0007563502892211083
3,NDVI__p16,-0.004975945436226981,0.00018986751771182808
3,NDVI__p17,0.0,0.0
3,NDVI__p18,-0.0018631348130827008,0.0036418503663958046
3,NDVI__p19,-0.0014912478869664736,0.0006720165801646361
3,NDVI__p20,0.0,0.0
3,NDRE__p00,-0.00035293484764137295,0.00035293484764137295
3,NDRE__p01,0.00034918900034888734,0.0002957330621368437
3,NDRE__p02,-5.843767727908844e-05,0.00011189361549113208
3,NDRE__p03,-0.0012973358195563778,0.0
3,NDRE__p04,-0.0008972812876353042,2.9502771678818762e-05
3,NDRE__p05,-0.00010699731174590443,0.0
3,NDRE__p06,0.0,0.0
3,NDRE__p07,-0.0002851432447610325,0.0004207264505217134
3,NDRE__p08,-0.0004887728674262404,2.9256278877426434e-05
3,NDRE__p09,0.038307250155997286,0.0
3,NDRE__p10,0.002970502976538003,0.002261800332688413
3,NDRE__p11,-0.00012217614516185638,0.0
3,NDRE__p12,9.876444742362711e-05,0.000936599547003425
3,NDRE__p13,0.0,0.0
3,NDRE__p14,0.002064927266167027,0.00014401259797158783
3,NDRE__p15,-0.0029180088655240133,0.0006994385917990509
3,NDRE__p16,0.0,0.0
3,NDRE__p17,-0.0004636273366863952,0.00040415117927009026
3,NDRE__p18,-0.000493130108365214,0.000433653950948909
3,NDRE__p19,-0.0035946194433510437,0.0011431985527273203
3,NDRE__p20,-0.0009557460611677449,0.0009557460611677449
3,GNDVI__p00,0.038062322414115335,0.0006486679097781889
3,GNDVI__p01,-0.0012108977046829672,0.0012108977046829672
3,GNDVI__p02,-0.005182556206719341,0.0007496332637909331
3,GNDVI__p03,-0.0011092851368624812,0.0011092851368624812
3,GNDVI__p04,0.0005950997943094949,0.0
3,GNDVI__p05,-0.0003373789987146103,0.0005303995172418752
3,GNDVI__p06,0.0,0.0
3,GNDVI__p07,0.0,0.0
3,GNDVI__p08,0.0,0.0
3,GNDVI__p09,0.0,0.0
3,GNDVI__p10,-0.001981558341073275,0.0027505777855465485
3,GNDVI__p11,-0.0017701997925310964,0.00038389914466815944
3,GNDVI__p12,-0.0022798962995231875,0.0
3,GNDVI__p13,-0.00045951658854881394,0.0
3,GNDVI__p14,0.0002592485246189491,0.0004448850879688604
3,GNDVI__p15,0.0,0.0
3,GNDVI__p16,0.0014912923558501878,0.0015411339926203194
3,GNDVI__p17,-0.00011176461089837386,0.0001317355387165653
3,GNDVI__p18,-0.004302753396429659,0.004168256394498748
3,GNDVI__p19,0.0,0.0
3,GNDVI__p20,-0.00011206575624617132,0.0007071655505556662
3,EVI__p00,-0.00045951658854881394,0.0
3,EVI__p01,-0.001708143539138507,0.0
3,EVI__p02,-0.0014599609227063381,0.0015134168609183818
3,EVI__p03,-0.00043388925797824274,0.00043388925797824274
3,EVI__p04,0.0,0.0
3,EVI__p05,-0.0014242986118593592,0.0005565200959028738
3,EVI__p06,0.0,0.0
3,EVI__p07,0.0,0.0
3,EVI__p08,-0.00040961565340091877,0.00040961565340091877
3,EVI__p09,-0.001660783838607266,0.0001775038935599993
3,EVI__p10,-0.0049673961600644745,0.002748825886339512
3,EVI__p11,-0.0012494538613803674,0.00043022255457852987
3,EVI__p12,-0.00047001674500815604,0.0004105405875918511
3,EVI__p13,-0.007278243086167285,0.0012540860111077412
3,EVI__p14,0.0006842318404192416,0.0007340734771893731
3,EVI__p15,0.0008586430966117942,0.0004290623133582361
3,EVI__p16,0.0002208398107621523,0.00027068144753228385
3,EVI__p17,-0.00019190938383201184,0.0004546121528181124
3,EVI__p18,-0.0016611153257894418,0.00030800308558043277
3,EVI__p19,-0.005069919415216145,0.0004350657642623601
3,EVI__p20,-0.004172835636294697,0.0016744822262209913
3,LSWI__p00,-2.4042924891082285e-05,0.00010096535401268869
3,LSWI__p01,-0.0017407204938692245,0.0004225439732618852
3,LSWI__p02,-0.005069417522970049,0.0004074128609653782
3,LSWI__p03,7.540348576087763e-05,7.540348576087763e-05
3,LSWI__p04,-0.0017581883536700593,0.0004050761134610503
3,LSWI__p05,-0.00032449257429184586,0.00020838396174005513
3,LSWI__p06,0.0,0.0
3,LSWI__p07,-0.0006486679097781889,0.0006486679097781889
3,LSWI__p08,-0.0006486679097781889,0.0006486679097781889
3,LSWI__p09,-0.0065361425826541975,0.0065361425826541975
3,LSWI__p10,-0.0008943243019537694,0.0004786720561195945
3,LSWI__p11,-0.002189361791800265,2.6097324669155375e-05
3,LSWI__p12,-0.004458883662480484,0.0010461015169980215
3,LSWI__p13,-0.000415925331517325,0.0003089280197714206
3,LSWI__p14,0.0,0.0
3,LSWI__p15,-0.0005399829363176845,0.0005355398233920505
3,LSWI__p16,-0.0006371143936192147,0.00043388925797824274
3,LSWI__p17,-0.0004397955682244603,0.00018220968770102375
3,LSWI__p18,-9.092124192866535e-06,0.0008644999274914911
3,LSWI__p19,0.0019100241861570444,0.0
3,LSWI__p20,-0.0016930794095723345,0.0010770732384114134
3,S1A_VV__p00,-0.001456646886308255,0.0032353624396213587
3,S1A_VV__p01,0.008713284750804268,0.0013969391988279123
3,S1A_VV__p02,-0.002392606557410637,0.002191540653079138
3,S1A_VV__p03,-0.0019460282606520163,0.0008241243873317317
3,S1A_VV__p04,-0.0021980086496351803,0.0010326223658036204
3,S1A_VV__p05,-0.0026487928283034923,0.00043022255457852987
3,S1A_VV__p06,0.036929276700088026,0.0004843778042491198
3,S1A_VV__p07,0.000441713835629326,0.00029925928502025356
3,S1A_VV__p08,-0.0008644711953873785,3.3073205691069862e-06
3,S1A_VV__p09,-0.0003534850033132808,0.0006261641316201993
3,S1A_VV__p10,-0.0003463444843324337,0.00026966168682848735
3,S1A_VV__p11,-0.00032821468656543673,0.00026873852914913177
3,S1A_VV__p12,-0.004171046279144303,0.00551533810044999
3,S1A_VV__p13,-0.0006480318777298266,8.327534299040762e-05
3,S1A_VV__p14,-0.003985116730179317,0.0028782457126608207
3,S1A_VV__p15,-0.0029180088655240133,0.0006994385917990509
3,S1A_VV__p16,-0.0021579759598690518,0.00043092694443847
3,S1A_VV__p17,0.0,0.0
3,S1A_VV__p18,-0.0007903852791965038,0.0008888616208715394
3,S1A_VV__p19,0.00021534724378852177,0.0006258017648624326
3,S1A_VV__p20,-0.0008804159429588732,0.012538559731888305
3,S1A_VH__p00,-0.0018666066662670344,0.00029665780086407523
3,S1A_VH__p01,0.0018861627430973027,0.002160764134753773
3,S1A_VH__p02,-0.00040961565340091877,0.00040961565340091877
3,S1A_VH__p03,-0.0036906404760349287,0.0009422652494280592
3,S1A_VH__p04,-0.0004883128480421273,0.00043847121127199573
3,S1A_VH__p05,0.0005234231691652602,0.0008784262040526514
3,S1A_VH__p06,-0.0022306118066453273,0.00011666607257679318
3,S1A_VH__p07,-5.9476157416304964e-05,0.0
3,S1A_VH__p08,-0.00048239359004784155,0.0005532921794259293
3,S1A_VH__p09,-0.0036657807880876303,0.00231860333176101
3,S1A_VH__p10,-0.0003119288878531967,0.0005558496281032888
3,S1A_VH__p11,-0.0017223270311673977,0.0023174268254768926
3,S1A_VH__p12,-0.0001812808566240276,0.00027659973813012884
3,S1A_VH__p13,-0.0007980359180460306,0.00046142502561699605
3,S1A_VH__p14,-0.00035111801262344144,0.0009462178069329363
3,S1A_VH__p15,-0.0029180088655240133,0.0006994385917990509
3,S1A_VH__p16,1.3078036843000573e-05,0.002434873446208935
3,S1A_VH__p17,-0.0029180088655240133,0.0006994385917990509
3,S1A_VH__p18,-0.00027229029760306167,0.0007043353984812484
3,S1A_VH__p19,0.011639588201635437,0.001511877420259905
3,S1A_VH__p20,0.001398245819336702,0.001398245819336702
3,S1A_VVminusVH__p00,-0.00818386945444538,0.0010763201724027782
3,S1A_VVminusVH__p01,-0.002548118768967572,0.000769230769230772
3,S1A_VVminusVH__p02,-0.00015810293219042926,0.0009187492862697266
3,S1A_VVminusVH__p03,-0.001720508704330992,0.0004980615693939705
3,S1A_VVminusVH__p04,0.00046896512778257793,0.0029140660504999583
3,S1A_VVminusVH__p05,-0.0005653642521250835,4.841011845060916e-05
3,S1A_VVminusVH__p06,-0.000616006171160921,0.0
3,S1A_VVminusVH__p07,-0.000101612567820486,0.000101612567820486
3,S1A_VVminusVH__p08,-0.0010889916549702283,0.0003309792090707697
3,S1A_VVminusVH__p09,-0.0022244318245600303,0.0006028112135263719
3,S1A_VVminusVH__p10,-0.00036840417718767005,0.0003089280197713651
3,S1A_VVminusVH__p11,0.038766766744546155,0.0
3,S1A_VVminusVH__p12,7.126514611102697e-05,0.0006477770197282628
3,S1A_VVminusVH__p13,-5.5384950486625506e-05,0.0006504847447961204
3,S1A_VVminusVH__p14,-0.0013422483512116057,0.0010795470581543287
3,S1A_VVminusVH__p15,-0.003661921926310846,0.003694537163472039
3,S1A_VVminusVH__p16,-0.00044027866630000356,0.00044027866630000356
3,S1A_VVminusVH__p17,-0.003617447457323064,0.0
3,S1A_VVminusVH__p18,-0.0008435049113791893,0.00022749874021826821
3,S1A_VVminusVH__p19,-0.001464385727999673,0.0006495600060688611
3,S1A_VVminusVH__p20,-0.0008332588980087263,0.0001571874545279739
3,S1D_VV__p00,-0.0012113366902918865,0.00013067312624259753
3,S1D_VV__p01,0.0,0.0
3,S1D_VV__p02,-0.003964907179906968,0.0036940783266417865
3,S1D_VV__p03,0.00011440998261860735,0.00031763511825957935
3,S1D_VV__p04,-0.0020396498645885164,0.00033150632545000946
3,S1D_VV__p05,-0.000748886995515341,0.0005273768753127905
3,S1D_VV__p06,-0.001519152388101297,1.0531957675696813e-05
3,S1D_VV__p07,-0.0008972812876353042,2.9502771678818762e-05
3,S1D_VV__p08,-0.002138209030038446,0.00037411803900397333
3,S1D_VV__p09,0.018774065154160607,0.019010141110418793
3,S1D_VV__p10,0.0,0.0
3,S1D_VV__p11,-0.00010816412419084598,5.832248742071444e-05
3,S1D_VV__p12,-0.006218277284268825,0.002385553103720295
3,S1D_VV__p13,0.0007401831583795926,0.00015184355839642505
3,S1D_VV__p14,0.0005089181782217955,5.0013920539992984e-05
3,S1D_VV__p15,-0.005312066414617567,0.0011687340219581621
3,S1D_VV__p16,-0.002457391638439721,0.0011600558188833432
3,S1D_VV__p17,-0.004838078786594757,0.0
3,S1D_VV__p18,0.000899101761387161,0.0008933812975050193
3,S1D_VV__p19,0.004177167618393818,0.0016502354851421486
3,S1D_VV__p20,-0.0006613879981965387,0.00040961565340091877
3,S1D_VH__p00,0.0,0.0
3,S1D_VH__p01,-9.412249646906234e-05,0.00027671573499205016
3,S1D_VH__p02,-2.9738078708152482e-05,2.9738078708152482e-05
3,S1D_VH__p03,-0.0007458613323314545,0.0008303601613828815
3,S1D_VH__p04,-0.001519693896598201,0.0011056184334627128
3,S1D_VH__p05,-0.00566734016498352,0.0014674283812855793
3,S1D_VH__p06,-0.00017000397976887904,0.00010082487349630243
3,S1D_VH__p07,-0.0033957469437215226,0.0010292573409494965
3,S1D_VH__p08,-0.00658071510259417,8.576934505066802e-05
3,S1D_VH__p09,-0.011439627618771792,0.0007903867230822093
3,S1D_VH__p10,-0.0006365693667173822,6.930032856536372e-05
3,S1D_VH__p11,-0.001124059828617796,0.00012831862203321887
3,S1D_VH__p12,-0.0017621959945919585,0.0031931239414736134
3,S1D_VH__p13,-0.0008847538708400271,0.0015430406232905258
3,S1D_VH__p14,0.0,0.0
3,S1D_VH__p15,-0.000101612567820486,0.000101612567820486
3,S1D_VH__p16,-5.5384950486625506e-05,0.0006504847447961204
3,S1D_VH__p17,-0.0001363393608234953,0.0007314391551329902
3,S1D_VH__p18,-0.0004058359801618616,0.0028915993462392264
3,S1D_VH__p19,0.004205608905118008,0.0011250096030883117
3,S1D_VH__p20,-0.005874813163423365,0.00031317545315540096
3,S1D_VVminusVH__p00,-0.0005779018559498306,0.0002898766600066549
3,S1D_VVminusVH__p01,-0.002016639565699585,0.0
3,S1D_VVminusVH__p02,0.0004320451008781867,0.0
3,S1D_VVminusVH__p03,-0.0018281848002095202,0.001642548236859609
3,S1D_VVminusVH__p04,-0.0018331356172974211,0.00038543465642754127
3,S1D_VVminusVH__p05,-0.003921756483920846,0.001276150544168131
3,S1D_VVminusVH__p06,0.0016920730325004352,1.500462372519551e-05
3,S1D_VVminusVH__p07,-0.0007003588411006734,0.0002683769317140816
3,S1D_VVminusVH__p08,-0.007875567904123054,0.002090765193634908
3,S1D_VVminusVH__p09,-0.0023788554692054376,0.00043111445540547355
3,S1D_VVminusVH__p10,-9.918335677261414e-06,3.992330109287012e-05
3,S1D_VVminusVH__p11,-0.00011286677036628778,6.302513359615625e-05
3,S1D_VVminusVH__p12,-0.0017983409018546281,0.0031096946149325178
3,S1D_VVminusVH__p13,-0.0009557460611677449,0.0009557460611677449
3,S1D_VVminusVH__p14,-0.0006486679097781889,0.0006486679097781889
3,S1D_VVminusVH__p15,6.900428259082325e-05,0.00011736627653757825
3,S1D_VVminusVH__p16,-5.5384950486625506e-05,0.0006504847447961204
3,S1D_VVminusVH__p17,-0.0019200954423793104,0.000298474831345652
3,S1D_VVminusVH__p18,-0.0003003746210901437,0.000381145005859701
3,S1D_VVminusVH__p19,-6.432763184444079e-05,4.851474428135827e-06
3,S1D_VVminusVH__p20,-0.0023747165625536415,0.0011617703237578325
