feature_set,model,scenario,repeat,accuracy,balanced_accuracy,macro_precision,macro_recall,macro_f1,weighted_f1,kappa,mcc
A1_S2_temporal,CatBoost,random_0,0,0.694829760403531,0.41582499575112286,0.3801324106588119,0.41582499575112286,0.38863388495781975,0.6973535767762449,0.5947785113278427,0.5961023519132412
A1_S2_temporal,CatBoost,random_20,0,0.6917672491442983,0.37381267297859516,0.43043533328653244,0.37381267297859516,0.3701328343324809,0.6892651284487102,0.5863961855519213,0.5874460315179253
A1_S2_temporal,CatBoost,random_20,1,0.6876238515582778,0.37305720584297525,0.4014795691222167,0.37305720584297525,0.3664080679139602,0.6853321446390814,0.5811574519368843,0.5823216059047096
A1_S2_temporal,CatBoost,random_20,2,0.6914069537020356,0.3742030119223702,0.3961350770904945,0.3742030119223702,0.36672996007103015,0.6890257751781093,0.5860496684866987,0.5872409128607793
A1_S2_temporal,CatBoost,random_20,3,0.6896054764907223,0.37606367424369086,0.37683621268735507,0.37606367424369086,0.36332520101763627,0.6882858696088349,0.5846754969619399,0.5860626996267363
A1_S2_temporal,CatBoost,random_20,4,0.6937488740767429,0.3736424786873979,0.37595027100235323,0.3736424786873979,0.36144852776893155,0.6909962325957207,0.589227931595244,0.5903088224078793
A1_S2_temporal,CatBoost,random_20,5,0.6903260673752477,0.38629225878199835,0.3865626706225384,0.38629225878199835,0.3745681145685407,0.687561757145368,0.5851995184539475,0.5863612309848191
A1_S2_temporal,CatBoost,random_20,6,0.6930282831922177,0.3788377974285165,0.3905005497977762,0.3788377974285165,0.3700978841998417,0.6905725384653476,0.5881560506886254,0.5891325841401831
A1_S2_temporal,CatBoost,random_20,7,0.6906863628175104,0.38192384142078484,0.3883595932074065,0.38192384142078484,0.36746222655378635,0.6877333742411724,0.5857290372260113,0.5868696899344165
A1_S2_temporal,CatBoost,random_20,8,0.6894253287695911,0.3705634573430653,0.37126805289613196,0.3705634573430653,0.35713122452259505,0.686672113043055,0.5840652163104059,0.5853365431770264
A1_S2_temporal,CatBoost,random_20,9,0.6935687263556116,0.3722398907247688,0.40590381288439875,0.3722398907247688,0.3628365657378974,0.691511425173884,0.5892389289522304,0.5904852809369878
A1_S2_temporal,CatBoost,random_20,10,0.6861826697892272,0.36936599522483227,0.3767990507319672,0.36936599522483227,0.3573772941789265,0.6839285664664629,0.5797420173581985,0.5808915018527019
A1_S2_temporal,CatBoost,random_20,11,0.6959106467303189,0.3664177993152254,0.36819760979060245,0.3664177993152254,0.3522502147574267,0.6941108526597142,0.5926061980232673,0.5938129749381742
A1_S2_temporal,CatBoost,random_20,12,0.6896054764907223,0.3709982514077665,0.4076127601157077,0.3709982514077665,0.3643704042406081,0.6871411047344775,0.5836680530798177,0.5847484814114964
A1_S2_temporal,CatBoost,random_20,13,0.691587101423167,0.36746409607838415,0.38302468326710637,0.36746409607838415,0.36123559287771345,0.6893886438654873,0.5863673631016895,0.587598239767379
A1_S2_temporal,CatBoost,random_20,14,0.6908665105386417,0.36352677905931213,0.3687960190767003,0.36352677905931213,0.35238930059268764,0.6886273399450609,0.5856088374993376,0.586769980604554
A1_S2_temporal,CatBoost,random_40,0,0.6616825797153666,0.29908983590947985,0.38709395862324136,0.29908983590947985,0.302931001840471,0.6577849308309067,0.5429348321239519,0.5450328276458403
A1_S2_temporal,CatBoost,random_40,1,0.6506935687263556,0.28476992229230513,0.3694621659185818,0.28476992229230513,0.2891383677593684,0.6480245866083659,0.5284089492592415,0.5303840000298302
A1_S2_temporal,CatBoost,random_40,2,0.65807962529274,0.2995134823554703,0.43026788795608906,0.2995134823554703,0.31150489346551896,0.6544938102180781,0.5383118867292929,0.5406011695462909
A1_S2_temporal,CatBoost,random_40,3,0.6537560799855882,0.29386928784476435,0.3546848960462087,0.29386928784476435,0.2992252300497571,0.6513709804124964,0.5327974301590745,0.5346604121094153
A1_S2_temporal,CatBoost,random_40,4,0.65807962529274,0.29683527666308723,0.3450023986805285,0.29683527666308723,0.30354704637242624,0.654656152230253,0.5386184747868948,0.5408917581336644
A1_S2_temporal,CatBoost,random_40,5,0.6606016933885787,0.29552801288271957,0.37700924507608435,0.29552801288271957,0.30381780551913823,0.657080534471507,0.5414852951157221,0.5439402323774376
A1_S2_temporal,CatBoost,random_40,6,0.660241397946316,0.2985415274280474,0.3254257226027169,0.2985415274280474,0.30119136236929156,0.6581863266282538,0.5420905719921518,0.5440119965241732
A1_S2_temporal,CatBoost,random_40,7,0.6622230228787606,0.29270836775845216,0.3602387008802251,0.29270836775845216,0.30050828498349047,0.6594127215151347,0.544125098839964,0.5465101891138502
A1_S2_temporal,CatBoost,random_40,8,0.6645649432534678,0.2960082885401345,0.3628036392823298,0.2960082885401345,0.30693899980155914,0.6608511312653649,0.5468176648633281,0.5489728078790012
A1_S2_temporal,CatBoost,random_40,9,0.6620428751576293,0.3013388231646592,0.37442086507205996,0.3013388231646592,0.3114694350852943,0.6600182347029475,0.5444179819888573,0.5468304133177262
A1_S2_temporal,CatBoost,random_40,10,0.6640245000900739,0.2962051896993353,0.3732552645448093,0.2962051896993353,0.3032885710098202,0.6597176022023855,0.5453589492302566,0.5472429380702059
A1_S2_temporal,CatBoost,random_40,11,0.65807962529274,0.3004299746751155,0.4012241520349497,0.3004299746751155,0.31370032303643564,0.6549356964640122,0.5379430739864857,0.5403203497299526
A1_S2_temporal,CatBoost,random_40,12,0.6634840569266799,0.2944799810496625,0.40274261994822985,0.2944799810496625,0.3068047901859273,0.6604811409582831,0.5450958728772147,0.5476356387471502
A1_S2_temporal,CatBoost,random_40,13,0.659160511619528,0.29594947510490904,0.3497739244330905,0.29594947510490904,0.3064440901991795,0.6564817604781937,0.5392720989331503,0.5413006652306127
A1_S2_temporal,CatBoost,random_40,14,0.6634840569266799,0.3123798737894522,0.44961215993440273,0.3123798737894522,0.3243670738883172,0.6604961192134783,0.5459627790177961,0.5483908468820348
A1_S2_temporal,CatBoost,random_60,0,0.5658439920735002,0.19880097759868642,0.3452010254937846,0.19880097759868642,0.19920370029583812,0.5666625665532394,0.41680019945236035,0.42410667886720943
A1_S2_temporal,CatBoost,random_60,1,0.5743109349666726,0.2016461676471854,0.3770784181735189,0.2016461676471854,0.19841489456733524,0.5723115654390296,0.427223656648236,0.4343591491676933
A1_S2_temporal,CatBoost,random_60,2,0.5656638443523689,0.19724398698840376,0.25334248544822446,0.19724398698840376,0.18916525477255425,0.5654997168794849,0.4169662763441965,0.4245946676710343
A1_S2_temporal,CatBoost,random_60,3,0.563502071698793,0.19632977529176734,0.2954747582541554,0.19632977529176734,0.19367718874086937,0.5648373672305127,0.4139415532529901,0.42143775759078617
A1_S2_temporal,CatBoost,random_60,4,0.5732300486398847,0.19774169043022352,0.28954839519079983,0.19774169043022352,0.19056829618593818,0.5712601061048441,0.4260685308177793,0.43299187960611585
A1_S2_temporal,CatBoost,random_60,5,0.5642226625833183,0.19039904267306257,0.231621756232035,0.19039904267306257,0.18589688025316822,0.5627055634890072,0.4140914305541472,0.4212471296381547
A1_S2_temporal,CatBoost,random_60,6,0.5737704918032787,0.1997664053061001,0.2925412462694124,0.1997664053061001,0.1917482164182465,0.5722079300607841,0.4276883936359458,0.43495032343021056
A1_S2_temporal,CatBoost,random_60,7,0.5784543325526932,0.20360556456649806,0.3736933305258047,0.20360556456649806,0.19723134770364473,0.5744826375160773,0.43199773137374975,0.4390435606335385
A1_S2_temporal,CatBoost,random_60,8,0.572869753197622,0.19950899728606378,0.2587606043234134,0.19950899728606378,0.19248212469026887,0.5713769058919139,0.4257833567925243,0.4332238143426061
A1_S2_temporal,CatBoost,random_60,9,0.5672851738425508,0.19701374640239938,0.27249933898686296,0.19701374640239938,0.1927087531377379,0.565786130013243,0.4178589419621148,0.4251930942667781
A1_S2_temporal,CatBoost,random_60,10,0.5687263556116016,0.1967072265965295,0.29100095922794256,0.1967072265965295,0.19084781914720697,0.5672515595072798,0.41950851690170965,0.4260921295006622
A1_S2_temporal,CatBoost,random_60,11,0.5707079805440461,0.2006761720831143,0.2798563320299059,0.2006761720831143,0.19497796143417173,0.5680403740223298,0.4225882578281044,0.4297056667834719
A1_S2_temporal,CatBoost,random_60,12,0.575031525851198,0.2048602323765728,0.22787922112485404,0.2048602323765728,0.19708032181105437,0.5732869229936377,0.4281250582746664,0.43554637297829735
A1_S2_temporal,CatBoost,random_60,13,0.5725094577553594,0.2025366738067178,0.35562043413403216,0.2025366738067178,0.2028529666610379,0.5733590637634969,0.4253999935353523,0.4329800810552656
A1_S2_temporal,CatBoost,random_60,14,0.5712484237074401,0.2006713888174011,0.3364231417356863,0.2006713888174011,0.1983605468113949,0.5712860443057999,0.42420357825543886,0.430965050176514
A1_S2_temporal,CatBoost,contiguous_20d,0,0.6971716807782381,0.39553826294256444,0.3835905440986557,0.39553826294256444,0.379685072299018,0.6964270665703074,0.5953070572347687,0.5963750493950548
A1_S2_temporal,CatBoost,contiguous_20d,1,0.6914069537020356,0.3805529198024464,0.3532030758825915,0.3805529198024464,0.35826493720328245,0.6906269256840649,0.5880284783912213,0.5892307079825583
A1_S2_temporal,CatBoost,contiguous_20d,2,0.6973518284993695,0.40352628376077093,0.39400652742931985,0.40352628376077093,0.38701877589253014,0.6973084070173979,0.5956961799218071,0.5967179319596629
A1_S2_temporal,CatBoost,contiguous_20d,3,0.692667987749955,0.3928078703750161,0.3735822794425445,0.3928078703750161,0.3707353240627461,0.692906332450208,0.590408967088192,0.5916568850787292
A1_S2_temporal,CatBoost,contiguous_20d,4,0.6892451810484598,0.4082249325783462,0.3981881277513645,0.4082249325783462,0.39001389798198755,0.6898022978316654,0.5855302028528824,0.5866224587176478
A1_S2_temporal,CatBoost,contiguous_20d,5,0.6933885786344802,0.3921820016025733,0.3768585228787735,0.3921820016025733,0.37438549983878683,0.6935258437620252,0.5910570509444604,0.5921967279193308
A1_S2_temporal,CatBoost,contiguous_20d,6,0.6896054764907223,0.3848703585905567,0.3813547095101549,0.3848703585905567,0.36915800283088634,0.6901141270239677,0.5856225918556005,0.5866928717462195
A1_S2_temporal,CatBoost,contiguous_20d,7,0.6892451810484598,0.3858690441803167,0.36946537702697746,0.3858690441803167,0.36745820340175034,0.6891292091897876,0.5852190311734344,0.5862722594626942
A1_S2_temporal,CatBoost,contiguous_20d,8,0.691046658259773,0.3914091022113793,0.3678590224467365,0.3914091022113793,0.3697041216575169,0.6923571414636811,0.5887350220373174,0.5899948421555796
A1_S2_temporal,CatBoost,contiguous_20d,9,0.6937488740767429,0.4016474091743817,0.3954011797945475,0.4016474091743817,0.38474690634352093,0.6945712920113111,0.5916937033420481,0.5928716641114261
A1_S2_temporal,CatBoost,contiguous_20d,10,0.6883444424428031,0.38181728067400444,0.36201233681545786,0.38181728067400444,0.3621317385930185,0.6892292835601734,0.5845912524271608,0.5858658747666734
A1_S2_temporal,CatBoost,contiguous_20d,11,0.6984327148261574,0.4006102206632578,0.3951186830097196,0.4006102206632578,0.3843478410500867,0.6979197827835012,0.5972129576213738,0.5982182053492925
A1_S2_temporal,CatBoost,contiguous_20d,12,0.691587101423167,0.38998164314581474,0.37404239499848096,0.38998164314581474,0.3735343553983887,0.6911286279527387,0.5881153130040985,0.5892405029770804
A1_S2_temporal,CatBoost,contiguous_20d,13,0.6941091695190056,0.3995596305049474,0.3800165451301408,0.3995596305049474,0.37967352916745867,0.6943189083759461,0.5917771595512995,0.5928329608676249
A1_S2_temporal,CatBoost,contiguous_20d,14,0.6933885786344802,0.40140507857318924,0.3749945273402745,0.40140507857318924,0.3788867424398348,0.6936366159922851,0.5915260104765743,0.5927448180804865
A1_S2_temporal,CatBoost,contiguous_40d,0,0.6762745451270041,0.3535279430163784,0.35125236479229555,0.3535279430163784,0.34053430054045014,0.6766566455033516,0.567372096366825,0.5687334732669017
A1_S2_temporal,CatBoost,contiguous_40d,1,0.6751936588002162,0.37083059165225063,0.37350053301646147,0.37083059165225063,0.3574691389716709,0.6759983661851658,0.5663832139323675,0.5679099724667046
A1_S2_temporal,CatBoost,contiguous_40d,2,0.6753738065213475,0.3627715982100046,0.3723161906147954,0.3627715982100046,0.35327329980839445,0.6769685437696662,0.5667273678778408,0.568206805773097
A1_S2_temporal,CatBoost,contiguous_40d,3,0.6721311475409836,0.3585593557872699,0.36682292786949355,0.3585593557872699,0.3469069569621033,0.6735838201569366,0.5627828865247959,0.5643170635940725
A1_S2_temporal,CatBoost,contiguous_40d,4,0.6669068636281751,0.369421400275507,0.3806919982854262,0.369421400275507,0.3556704137638394,0.669086377044318,0.5558138950141427,0.5573250996880418
A1_S2_temporal,CatBoost,contiguous_40d,5,0.6721311475409836,0.3575471084680295,0.3637902869537794,0.3575471084680295,0.3470981786462474,0.6741350355451711,0.5626548273001236,0.5643263748995944
A1_S2_temporal,CatBoost,contiguous_40d,6,0.671770852098721,0.3554719073982507,0.3631026151046846,0.3554719073982507,0.34533942814753743,0.673099024078553,0.5620915576022038,0.5636242188316125
A1_S2_temporal,CatBoost,contiguous_40d,7,0.6730318861466402,0.36236944569324253,0.36413248599926207,0.36236944569324253,0.3504894665575663,0.674669799426662,0.5638624421926663,0.5653050847066172
A1_S2_temporal,CatBoost,contiguous_40d,8,0.6683480453972257,0.353718530041582,0.35578806734917595,0.353718530041582,0.34128822254361396,0.6709852387529005,0.5580286904911471,0.5596617121776579
A1_S2_temporal,CatBoost,contiguous_40d,9,0.6757341019636102,0.3700859056610977,0.3804480655021342,0.3700859056610977,0.36077576430253555,0.6786615427758924,0.5680071783494629,0.5696178799336357
A1_S2_temporal,CatBoost,contiguous_40d,10,0.6633039092055486,0.34236115561841934,0.3365058975312208,0.34236115561841934,0.32906276033573667,0.6655917111301202,0.5509145400782544,0.552661879149465
A1_S2_temporal,CatBoost,contiguous_40d,11,0.679517204107368,0.37186733517888576,0.3754129157947031,0.37186733517888576,0.35838537292589145,0.6801366655186033,0.5720808072964447,0.5734348037239405
A1_S2_temporal,CatBoost,contiguous_40d,12,0.6735723293100342,0.36572532667810914,0.3607565724811255,0.36572532667810914,0.3521988615300693,0.6749387258149752,0.5649972306361744,0.5666056683849319
A1_S2_temporal,CatBoost,contiguous_40d,13,0.6751936588002162,0.3681676012932536,0.3730503993004656,0.3681676012932536,0.3560404757168832,0.6778293341181922,0.566644714110168,0.5681307188694303
A1_S2_temporal,CatBoost,contiguous_40d,14,0.6748333633579535,0.3620767106912074,0.3598442931423364,0.3620767106912074,0.34958034024689294,0.6768318528984014,0.5661913956779487,0.5677610377632958
A3_S1_S2_temporal,HistGradientBoosting,random_0,0,0.7330210772833724,0.3798382947981339,0.43592267306182814,0.3798382947981339,0.3909757509971785,0.7175390333748682,0.6346240017993029,0.6357064523304797
A3_S1_S2_temporal,HistGradientBoosting,random_20,0,0.7279769410916952,0.34916292061777676,0.42238656875583147,0.34916292061777676,0.36335000031592235,0.7094779417873149,0.625311530382429,0.627010321464179
A3_S1_S2_temporal,HistGradientBoosting,random_20,1,0.7270762024860385,0.35069677016442574,0.4459341026179227,0.35069677016442574,0.37011234300836937,0.7076954937360732,0.6234703278492038,0.6254637038901106
A3_S1_S2_temporal,HistGradientBoosting,random_20,2,0.7279769410916952,0.33981300167959827,0.40866518322423395,0.33981300167959827,0.35511992781947616,0.7086014190134391,0.6247578578596817,0.626751400819913
A3_S1_S2_temporal,HistGradientBoosting,random_20,3,0.7283372365339579,0.3547863366572356,0.4573950403785126,0.3547863366572356,0.37760374908524236,0.7098748927130776,0.6253266231254208,0.6272323896480222
A3_S1_S2_temporal,HistGradientBoosting,random_20,4,0.7213114754098361,0.345296960521766,0.41304460012984107,0.345296960521766,0.3607970369572096,0.7031668471709663,0.6162651459785111,0.6179981828555079
A3_S1_S2_temporal,HistGradientBoosting,random_20,5,0.7274364979283012,0.3507397161994824,0.43888193355963,0.3507397161994824,0.371019507040707,0.7086973686223068,0.6244498880056492,0.6262382339286591
A3_S1_S2_temporal,HistGradientBoosting,random_20,6,0.7261754638803819,0.33710005708063445,0.4248467032908376,0.33710005708063445,0.3561874833338064,0.7075006314555496,0.6225461137954449,0.6243344711658917
A3_S1_S2_temporal,HistGradientBoosting,random_20,7,0.7258151684381192,0.3551380149004778,0.43052183788350484,0.3551380149004778,0.3732040730795708,0.7067048623181653,0.6218091884021966,0.6236133590422126
A3_S1_S2_temporal,HistGradientBoosting,random_20,8,0.7245541343902,0.3445515933378332,0.4046356338398214,0.3445515933378332,0.3590726626607108,0.7062141912464212,0.6205890885845646,0.6221484178789315
A3_S1_S2_temporal,HistGradientBoosting,random_20,9,0.7303188614664025,0.3612642098228855,0.4518570542381116,0.3612642098228855,0.38108792984032125,0.7124808994900347,0.6287420673988073,0.6305038240216485
A3_S1_S2_temporal,HistGradientBoosting,random_20,10,0.7285173842550892,0.3553363062573466,0.4543462059142133,0.3553363062573466,0.3773059154553461,0.7096990245941361,0.6258436831333147,0.627677212511998
A3_S1_S2_temporal,HistGradientBoosting,random_20,11,0.7285173842550892,0.34663044200170606,0.4298029565762107,0.34663044200170606,0.36489300821142473,0.709647629839141,0.6255391457831396,0.6274875669356966
A3_S1_S2_temporal,HistGradientBoosting,random_20,12,0.7297784183030085,0.339074906150801,0.4299621843361626,0.339074906150801,0.35507257699560124,0.7099253797774452,0.6271661104942363,0.6291400110600851
A3_S1_S2_temporal,HistGradientBoosting,random_20,13,0.7283372365339579,0.36334103458307554,0.4573120956950439,0.36334103458307554,0.38337099344909215,0.710412584321928,0.6259115183203257,0.627595462494644
A3_S1_S2_temporal,HistGradientBoosting,random_20,14,0.7243739866690686,0.33570143219130644,0.42179043476230976,0.33570143219130644,0.3525571914220587,0.7053910262831852,0.6195430115342164,0.6215433275425932
A3_S1_S2_temporal,HistGradientBoosting,random_40,0,0.7141055665645829,0.31175137733512387,0.4630137930610304,0.31175137733512387,0.3392701188998084,0.6912530129584582,0.6015414771851182,0.605271315663256
A3_S1_S2_temporal,HistGradientBoosting,random_40,1,0.7135651234011889,0.29351307677028543,0.4121518065165705,0.29351307677028543,0.3127819129537558,0.6895607461083408,0.6006573296120248,0.6042116249257752
A3_S1_S2_temporal,HistGradientBoosting,random_40,2,0.7171680778238155,0.31396575043749764,0.4340324101445185,0.31396575043749764,0.3344508010621317,0.6948865233442696,0.6069016421230623,0.6100199082616466
A3_S1_S2_temporal,HistGradientBoosting,random_40,3,0.7128445325166637,0.3056594091434857,0.40237408380457373,0.3056594091434857,0.32582686306570413,0.6912089810539761,0.6008053286386809,0.6041539830597603
A3_S1_S2_temporal,HistGradientBoosting,random_40,4,0.7123040893532697,0.301634352419943,0.4057804990221557,0.301634352419943,0.3228976787616651,0.6885039634512009,0.5992427926448113,0.6028131258806918
A3_S1_S2_temporal,HistGradientBoosting,random_40,5,0.7114033507476131,0.3103884170563567,0.4228611402829865,0.3103884170563567,0.3331294656625929,0.6884256901891715,0.5985099628894834,0.6019756192462928
A3_S1_S2_temporal,HistGradientBoosting,random_40,6,0.7195099981985228,0.30649548561579815,0.4488539536530757,0.30649548561579815,0.3281784143952549,0.6962887153444908,0.6096024908378912,0.6129119092577106
A3_S1_S2_temporal,HistGradientBoosting,random_40,7,0.7141055665645829,0.2954377282121576,0.4093825474820403,0.2954377282121576,0.3152169025838363,0.6902576942630175,0.6018577573279575,0.6054524915386545
A3_S1_S2_temporal,HistGradientBoosting,random_40,8,0.7191497027562601,0.3117528890187203,0.42199176509676833,0.3117528890187203,0.3342114010159234,0.6966998878858693,0.6094634921175022,0.6128903788918482
A3_S1_S2_temporal,HistGradientBoosting,random_40,9,0.7155467483336336,0.30425567348848115,0.4653971493852432,0.30425567348848115,0.328682503447608,0.6927088912457204,0.6044582573973168,0.6075188210721918
A3_S1_S2_temporal,HistGradientBoosting,random_40,10,0.7106827598630877,0.3052832197237019,0.41974252639208665,0.3052832197237019,0.32716209335697005,0.688021800441305,0.5974413708830495,0.6010765652650157
A3_S1_S2_temporal,HistGradientBoosting,random_40,11,0.7114033507476131,0.30331837864017125,0.4197994484023134,0.30331837864017125,0.32431662567377495,0.6880771665391231,0.5981495370340454,0.6014989349208388
A3_S1_S2_temporal,HistGradientBoosting,random_40,12,0.7139254188434516,0.30333387887709307,0.4119265740189442,0.30333387887709307,0.32469396107507387,0.6913796414427067,0.6016454618092262,0.6051630319673785
A3_S1_S2_temporal,HistGradientBoosting,random_40,13,0.7166276346604216,0.2982845445418134,0.40366344626920364,0.2982845445418134,0.3156489617868807,0.6921556442000504,0.605194836786609,0.608942092442483
A3_S1_S2_temporal,HistGradientBoosting,random_40,14,0.7175283732660782,0.30740069837967887,0.45103581663882364,0.30740069837967887,0.33184661880072536,0.6938509226420574,0.6070546056606467,0.6105623236979145
A3_S1_S2_temporal,HistGradientBoosting,random_60,0,0.6872635561160151,0.2448883488911025,0.4457523766367425,0.2448883488911025,0.258431385183833,0.6551189992127595,0.5568417283609289,0.5653467366492969
A3_S1_S2_temporal,HistGradientBoosting,random_60,1,0.6883444424428031,0.25073562200095534,0.4221922729647366,0.25073562200095534,0.26752642546713196,0.6579159924173994,0.5595579798014265,0.5672028039020072
A3_S1_S2_temporal,HistGradientBoosting,random_60,2,0.6896054764907223,0.2457002115152171,0.40182238229744566,0.2457002115152171,0.257614377071686,0.6587513155612038,0.5614748688453387,0.5687947170265766
A3_S1_S2_temporal,HistGradientBoosting,random_60,3,0.6854620789047019,0.2478324776387805,0.444415580883665,0.2478324776387805,0.26324492879867095,0.6549226352618471,0.5552344803062095,0.5628625272194846
A3_S1_S2_temporal,HistGradientBoosting,random_60,4,0.6874437038371465,0.2421796901594061,0.3460432200790613,0.2421796901594061,0.25014168964236005,0.6569235839993016,0.5591636610775739,0.5661724525810041
A3_S1_S2_temporal,HistGradientBoosting,random_60,5,0.6881642947216717,0.24455208308739293,0.35967365092004544,0.24455208308739293,0.2565662862259154,0.6574866411135687,0.5589927530242088,0.566677303139593
A3_S1_S2_temporal,HistGradientBoosting,random_60,6,0.6887047378850657,0.24957759871408552,0.36552969540177904,0.24957759871408552,0.26215002246806063,0.6588310702352179,0.5607282563044981,0.5680535041631524
A3_S1_S2_temporal,HistGradientBoosting,random_60,7,0.6843811925779139,0.24216262438743422,0.35652215891491895,0.24216262438743422,0.2540507125262353,0.652964307966833,0.5536506498450685,0.5611608601181011
A3_S1_S2_temporal,HistGradientBoosting,random_60,8,0.6887047378850657,0.24951656166052238,0.3769058098539771,0.24951656166052238,0.26361296637014464,0.6590359445961441,0.5605458047230342,0.568086574455456
A3_S1_S2_temporal,HistGradientBoosting,random_60,9,0.6878039992794092,0.24168509825898338,0.30829229605044195,0.24168509825898338,0.2492394942577812,0.6569017455059152,0.5591028247507286,0.5664391886913197
A3_S1_S2_temporal,HistGradientBoosting,random_60,10,0.6834804539722572,0.24089319904535184,0.32143570655277354,0.24089319904535184,0.2483490051709979,0.6524704790025778,0.552854080506747,0.5606216030484381
A3_S1_S2_temporal,HistGradientBoosting,random_60,11,0.691046658259773,0.24835151781262463,0.39153126144879474,0.24835151781262463,0.26163567736100163,0.6613618607474927,0.5634674167351159,0.5711256280259984
A3_S1_S2_temporal,HistGradientBoosting,random_60,12,0.6845613402990453,0.2516072864410733,0.4384107931076464,0.2516072864410733,0.2671539601957862,0.6543865028467653,0.5541939080634535,0.561743741362187
A3_S1_S2_temporal,HistGradientBoosting,random_60,13,0.6903260673752477,0.2533057235389285,0.36379010171384674,0.2533057235389285,0.2681512950924971,0.6606659901559266,0.5624097159281326,0.5703673792024218
A3_S1_S2_temporal,HistGradientBoosting,random_60,14,0.6867231129526211,0.246142609579025,0.45601648225436675,0.246142609579025,0.25743086439387136,0.6572285410097531,0.558130516251191,0.5652508679956361
A3_S1_S2_temporal,HistGradientBoosting,contiguous_20d,0,0.7319401909565844,0.37107898467706596,0.44472584946237076,0.37107898467706596,0.38841562274035063,0.7156483085457077,0.631841210693669,0.6331993435323551
A3_S1_S2_temporal,HistGradientBoosting,contiguous_20d,1,0.7288776796973518,0.36114825298465303,0.4363240994371831,0.36114825298465303,0.3750303314437385,0.7114644645575298,0.6277657842273038,0.6291029516465094
A3_S1_S2_temporal,HistGradientBoosting,contiguous_20d,2,0.7321203386777158,0.36910624164951233,0.45174036033575515,0.36910624164951233,0.38686580671725035,0.7150116524061897,0.6316855227888736,0.6331804577281512
A3_S1_S2_temporal,HistGradientBoosting,contiguous_20d,3,0.7288776796973518,0.36518979784476346,0.43486177242267604,0.36518979784476346,0.37954840147367047,0.7117236220029468,0.6276439414874176,0.6290327350010618
A3_S1_S2_temporal,HistGradientBoosting,contiguous_20d,4,0.7285173842550892,0.35697218786272333,0.4227451280587025,0.35697218786272333,0.3694955841388727,0.7104282123166239,0.6269433515468481,0.6283883310029664
A3_S1_S2_temporal,HistGradientBoosting,contiguous_20d,5,0.7292379751396145,0.35990425263875836,0.4195392377347643,0.35990425263875836,0.3732090576034723,0.7122601111229991,0.6283741531502475,0.6297229194606164
A3_S1_S2_temporal,HistGradientBoosting,contiguous_20d,6,0.7283372365339579,0.3569599384697163,0.4258226301909254,0.3569599384697163,0.37024278463596627,0.7114136915837223,0.6269808587965551,0.6283262913284722
A3_S1_S2_temporal,HistGradientBoosting,contiguous_20d,7,0.7281570888128265,0.3582113436812339,0.41771950575979216,0.3582113436812339,0.37124108826791147,0.7118420162821055,0.6270050552383881,0.628375504699715
A3_S1_S2_temporal,HistGradientBoosting,contiguous_20d,8,0.7267159070437759,0.3567882347386986,0.4277421661848591,0.3567882347386986,0.36982093563569307,0.709874401339805,0.6246547468931344,0.626059499160578
A3_S1_S2_temporal,HistGradientBoosting,contiguous_20d,9,0.7283372365339579,0.36144885027384166,0.4370428722935059,0.36144885027384166,0.37729612035594834,0.7117104980950079,0.6271687782866696,0.6285488712214935
A3_S1_S2_temporal,HistGradientBoosting,contiguous_20d,10,0.7306791569086651,0.3646349526014031,0.4352382363466393,0.3646349526014031,0.3804225405655165,0.7137425256064153,0.6299312375147008,0.6313426674356473
A3_S1_S2_temporal,HistGradientBoosting,contiguous_20d,11,0.7286975319762204,0.36298586259847354,0.43151100693837674,0.36298586259847354,0.37831670333760226,0.7122926168116562,0.6276981046098191,0.6289181384576179
A3_S1_S2_temporal,HistGradientBoosting,contiguous_20d,12,0.7279769410916952,0.3590078395651223,0.4395985660893335,0.3590078395651223,0.3761896319680599,0.7106398146113491,0.6259960208915464,0.6274997705536377
A3_S1_S2_temporal,HistGradientBoosting,contiguous_20d,13,0.7304990091875337,0.3672619301697856,0.4423402231578588,0.3672619301697856,0.3838033731581697,0.7138550541337572,0.6296879933777874,0.6312200657581393
A3_S1_S2_temporal,HistGradientBoosting,contiguous_20d,14,0.7290578274184831,0.36710536609612515,0.42608999018488103,0.36710536609612515,0.3790624529857497,0.7116400314841118,0.6278941736118633,0.6293638197627908
A3_S1_S2_temporal,HistGradientBoosting,contiguous_40d,0,0.7249144298324626,0.3467789028393531,0.44695351884415724,0.3467789028393531,0.36432863683964073,0.7065520846321726,0.6206452789220718,0.6225374703696434
A3_S1_S2_temporal,HistGradientBoosting,contiguous_40d,1,0.7218519185732301,0.33978929361611293,0.4342849690463232,0.33978929361611293,0.35792253745293134,0.7027112922357415,0.6163255468654594,0.6182499058415334
A3_S1_S2_temporal,HistGradientBoosting,contiguous_40d,2,0.7261754638803819,0.34483243682179,0.4168066801193601,0.34483243682179,0.35978015481802594,0.7065288769410708,0.6219777726593378,0.6241421745077933
A3_S1_S2_temporal,HistGradientBoosting,contiguous_40d,3,0.7218519185732301,0.341529610250996,0.4218095026638414,0.341529610250996,0.35819152928029896,0.7033190057946299,0.6164928311415512,0.618434081796161
A3_S1_S2_temporal,HistGradientBoosting,contiguous_40d,4,0.7195099981985228,0.3388353395222135,0.4300340397709345,0.3388353395222135,0.35607382705846524,0.6993337587647143,0.6126082382346472,0.6146904035305409
A3_S1_S2_temporal,HistGradientBoosting,contiguous_40d,5,0.7232931003422807,0.3442626000258435,0.4386057245773174,0.3442626000258435,0.36260032279565724,0.7045154702778138,0.6182399774481221,0.6202072516544681
A3_S1_S2_temporal,HistGradientBoosting,contiguous_40d,6,0.7232931003422807,0.3421504714754383,0.4266512766339752,0.3421504714754383,0.36025940747492846,0.7047623197103722,0.6181587512966573,0.6202378144304017
A3_S1_S2_temporal,HistGradientBoosting,contiguous_40d,7,0.7247342821113313,0.33564793266870974,0.4132758209830282,0.33564793266870974,0.3511614173662878,0.7056468966347563,0.6199658772879025,0.6222411142379755
A3_S1_S2_temporal,HistGradientBoosting,contiguous_40d,8,0.7243739866690686,0.348790298052787,0.44406738087625286,0.348790298052787,0.37044305388122317,0.7056820076268988,0.6193026543964786,0.6214119258470794
A3_S1_S2_temporal,HistGradientBoosting,contiguous_40d,9,0.722932804900018,0.35015295502879973,0.43292619287386813,0.35015295502879973,0.370119700843496,0.705208859268631,0.61811613835698,0.620285673362795
A3_S1_S2_temporal,HistGradientBoosting,contiguous_40d,10,0.7196901459196541,0.3347706418548854,0.41912196161354104,0.3347706418548854,0.3540844935899333,0.7004476656168823,0.6126042795842168,0.6147960441531987
A3_S1_S2_temporal,HistGradientBoosting,contiguous_40d,11,0.725094577553594,0.3448753201424752,0.42069755209233617,0.3448753201424752,0.3609050114233901,0.7060313732033149,0.6209095564975853,0.6228252865257649
A3_S1_S2_temporal,HistGradientBoosting,contiguous_40d,12,0.724013691226806,0.3540059728746399,0.43976855286547195,0.3540059728746399,0.3744159069565497,0.7056989706513572,0.6191955595237493,0.6211989801840716
A3_S1_S2_temporal,HistGradientBoosting,contiguous_40d,13,0.7231129526211494,0.35070809573716516,0.41797970317412364,0.35070809573716516,0.36698526611618626,0.704339198460545,0.6179329306678802,0.6200196505254104
A3_S1_S2_temporal,HistGradientBoosting,contiguous_40d,14,0.7231129526211494,0.34975838309260937,0.42298395333769245,0.34975838309260937,0.3671920535224486,0.7051184761887701,0.6181486606516675,0.6201601143265126
