site_id,crop,season,sensor,scene_id,spacecraft,mgrs_tile,acquisition_datetime,acquisition_date,doy,days_from_window_start,cloudy_pixel_percentage,solar_azimuth_deg,solar_zenith_deg,processing_baseline,s2_valid_fraction,s2_clear_fraction,s2_cs_cdf_median,clear_pixel_count,cloud_free,B2,B3,B4,B5,B6,B7,B8,B8A,B11,B12,GCC,NDVI,NDRE,GNDVI,SAVI,EVI,LSWI,das,observed_stage
haridwar_kvk_phenocam,Wheat,wheat_2023_24,S2,20231026T052911_20231026T052912_T44RKU,Sentinel-2A,44RKU,2023-10-26 05:40:31,2023-10-26,299,1.2364732407407408,0.259202,162.477570942549,44.2178121051043,05.09,1.0,1.0,0.8784313725490196,57,Y,0.07580000162124635,0.10360000282526016,0.13279999792575836,0.15479999780654907,0.17090000212192535,0.1859000027179718,0.1891999989748001,0.2003999948501587,0.27219998836517334,0.2522999942302704,0.3317471146583557,0.1723116248846054,0.12195121496915817,0.28959952570286457,0.10126600047454942,0.097091217847859,-0.18538084287535062,,
haridwar_kvk_phenocam,Wheat,wheat_2023_24,S2,20231026T052911_20231026T052912_T43RGP,Sentinel-2A,43RGP,2023-10-26 05:40:34,2023-10-26,299,1.2365101967592593,2.12E-4,161.406039569518,44.4292430552907,05.09,1.0,1.0,0.8823529411764706,57,Y,0.0723000019788742,0.10220000147819519,0.13279999792575836,0.15410000085830688,0.17000000178813934,0.18709999322891235,0.18930000066757202,0.2021999955177307,0.27309998869895935,0.25130000710487366,0.3322068601846695,0.17285045508684774,0.12395773828029633,0.29913183709695224,0.10096623807026665,0.09608655625249407,-0.1849557237355126,,
haridwar_kvk_phenocam,Wheat,wheat_2023_24,S2,20231031T052949_20231031T053846_T44RKU,Sentinel-2B,44RKU,2023-10-31 05:40:33,2023-10-31,304,6.236499768518518,2.531297,163.237764205902,45.8004788225742,05.09,1.0,1.0,0.8862745098039215,57,Y,0.08240000158548354,0.10379999876022339,0.12951244823154973,0.149399995803833,0.16380000114440918,0.179299995303154,0.18379999697208402,0.19339999556541443,0.26739999651908875,0.25619998574256897,0.32800981402397156,0.16940893764081208,0.12580455839633942,0.2768683867678837,0.09892139832178752,0.10031834289470479,-0.18781405764884662,,
haridwar_kvk_phenocam,Wheat,wheat_2023_24,S2,20231031T052949_20231031T053846_T43RGP,Sentinel-2B,43RGP,2023-10-31 05:40:36,2023-10-31,304,6.236536701388889,12.364677,162.199498872567,46.0030031930844,05.09,1.0,1.0,0.8862745098039215,57,Y,0.07745059499783176,0.10220000147819518,0.13055778613054989,0.14990000426769257,0.1623000055551529,0.17880000174045563,0.18279999494552612,0.19359999895095825,0.2702000141143799,0.25589999556541443,0.3277737498283386,0.16564486175775528,0.12079325318336487,0.28666369121152124,0.09519242189889064,0.09322972109638002,-0.19368711014504775,,
haridwar_kvk_phenocam,Wheat,wheat_2023_24,S2,20231105T053011_20231105T053009_T44RKU,Sentinel-2A,44RKU,2023-11-05 05:40:30,2023-11-05,309,11.236459606481482,0.18398,163.792096702773,47.3238080263997,05.11,1.0,1.0,0.8745098039215686,57,Y,0.10235000029206276,0.125,0.1462933053595915,0.16979999840259552,0.19419999420642853,0.2093999981880188,0.214599996805191,0.22360000014305115,0.288100004196167,0.2662000060081482,0.3344402836479304,0.18407452196968713,0.13004030287265778,0.25866647901742357,0.11552763481934865,0.12473307363688946,-0.14895013247285163,,
haridwar_kvk_phenocam,Wheat,wheat_2023_24,S2,20231105T053011_20231105T053009_T43RGP,Sentinel-2A,43RGP,2023-11-05 05:40:33,2023-11-05,309,11.23650150462963,3.0E-5,162.784984821511,47.5197837055785,05.11,1.0,1.0,0.8745098039215686,57,Y,0.0966000035405159,0.12120000272989273,0.14528608094363205,0.1712000072002411,0.19269999861717224,0.2071000039577484,0.21299999952316284,0.22169999778270721,0.287200003862381,0.26409998536109924,0.33516578842314054,0.18080570548772812,0.12928056716918945,0.26875367760658264,0.11306154491805186,0.11972517147660255,-0.1515472091747059,,
haridwar_kvk_phenocam,Wheat,wheat_2023_24,S2,20231110T053039_20231110T053039_T44RKU,Sentinel-2B,44RKU,2023-11-10 05:40:33,2023-11-10,314,16.23649349537037,61.960667,164.205408892209,48.7616025782274,05.09,1.0,0.0,0.043137254901960784,0,N,,,,,,,,,,,,,,,,,,,
haridwar_kvk_phenocam,Wheat,wheat_2023_24,S2,20231110T053039_20231110T053039_T43RGP,Sentinel-2B,43RGP,2023-11-10 05:40:36,2023-11-10,314,16.23653037037037,98.537946,163.226863435384,48.9526436908032,05.09,1.0,0.0,0.043137254901960784,0,N,,,,,,,,,,,,,,,,,,,
haridwar_kvk_phenocam,Wheat,wheat_2023_24,S2,20231115T053101_20231115T053059_T44RKU,Sentinel-2A,44RKU,2023-11-15 05:40:29,2023-11-15,319,21.236457662037036,0.002514,164.429090821087,50.1092093486806,05.09,1.0,1.0,0.8941176470588236,57,Y,0.09059999883174896,0.11699999868869781,0.1428000032901764,0.1670999974012375,0.18000000715255737,0.1923999935388565,0.1979999989271164,0.20579999685287476,0.2718000113964081,0.2498999983072281,0.3347411489393354,0.16046510636806488,0.10946095734834671,0.25551773607730865,0.09737470000982285,0.09879134595394135,-0.15937106466568202,,
haridwar_kvk_phenocam,Wheat,wheat_2023_24,S2,20231115T053101_20231115T053059_T43RGP,Sentinel-2A,43RGP,2023-11-15 05:40:33,2023-11-15,319,21.236494606481482,1.0E-5,163.476732519251,50.2975177494748,05.09,1.0,1.0,0.8941176470588236,57,Y,0.08500000089406969,0.11540000140666962,0.1438000053167343,0.16769999265670776,0.17910000681877136,0.19419999420642853,0.1979999989271164,0.20759999752044678,0.27410000562667847,0.2517000138759613,0.3348884427776704,0.15776552259922028,0.10837437957525253,0.26544474569395127,0.0963791161775589,0.09478508681058884,-0.1608457432535857,,
haridwar_kvk_phenocam,Wheat,wheat_2023_24,S2,20231120T053109_20231120T053112_T44RKU,Sentinel-2B,44RKU,2023-11-20 05:40:28,2023-11-20,324,26.23643886574074,0.472535,164.5102582109,51.3443474371076,05.09,1.0,1.0,0.8431372549019608,57,Y,0.08340000361204147,0.09910000115633011,0.1096000000834465,0.12939999997615814,0.14890000224113464,0.163100004196167,0.15080000460147858,0.16930000483989716,0.1664000004529953,0.14820000529289246,0.33491334319114685,0.1583350971341133,0.11033159494400024,0.21816563606262207,0.08805200830101967,0.09392034262418747,0.002888509538024664,,
haridwar_kvk_phenocam,Wheat,wheat_2023_24,S2,20231120T053109_20231120T053112_T43RGP,Sentinel-2B,43RGP,2023-11-20 05:40:31,2023-11-20,324,26.236475810185187,0.509298,163.58141105158,51.5315791969069,05.09,1.0,1.0,0.8431372549019608,57,Y,0.07800000160932541,0.09549999982118607,0.11020000278949738,0.13210000097751617,0.14229999482631683,0.15639999508857727,0.16040000319480896,0.15960000455379486,0.15150000154972076,0.14079999923706055,0.33477573096752167,0.15753783155607698,0.11940301209688187,0.22956642508506775,0.08510294342836873,0.08822562774932415,-0.031886457444422624,,
haridwar_kvk_phenocam,Wheat,wheat_2023_24,S2,20231125T053141_20231125T053138_T44RKU,Sentinel-2A,44RKU,2023-11-25 05:40:25,2023-11-25,329,31.23641138888889,2.475379,164.449292364648,52.4546570479887,05.09,1.0,1.0,0.8784313725490196,57,Y,0.0575999990105629,0.07800000160932541,0.08380000293254852,0.10890000313520432,0.13269999623298645,0.14270000159740448,0.1477999985218048,0.15309999883174896,0.17640000581741333,0.13570000231266022,0.35639506578445435,0.28051409125328064,0.1711292564868927,0.31023376477298453,0.13353359699249268,0.13218247890472412,-0.08778394013643265,,
haridwar_kvk_phenocam,Wheat,wheat_2023_24,S2,20231125T053141_20231125T053138_T43RGP,Sentinel-2A,43RGP,2023-11-25 05:40:29,2023-11-25,329,31.236448391203705,16.222826,163.541236070476,52.6424762213456,05.09,1.0,1.0,0.8784313725490196,57,Y,0.04879999905824661,0.07280000299215317,0.08134999871253967,0.10760000348091125,0.13050000369548798,0.14020000398159027,0.14540876091695298,0.1500999927520752,0.1770000010728836,0.13650000095367432,0.3591448962688446,0.2874619347964906,0.17037607729434967,0.33138499350165335,0.13434064388275146,0.12772278487682343,-0.09933057863317016,,
haridwar_kvk_phenocam,Wheat,wheat_2023_24,S2,20231130T053159_20231130T053155_T44RKU,Sentinel-2B,44RKU,2023-11-30 05:40:28,2023-11-30,334,36.236437662037034,34.590489,164.280037713824,53.4231343489468,05.09,1.0,0.0,0.07450980392156863,0,N,,,,,,,,,,,,,,,,,,,
haridwar_kvk_phenocam,Wheat,wheat_2023_24,S2,20231130T053159_20231130T053155_T43RGP,Sentinel-2B,43RGP,2023-11-30 05:40:31,2023-11-30,334,36.23647465277778,47.469792,163.389943736255,53.6128000280709,05.09,1.0,0.0,0.07450980392156861,0,N,,,,,,,,,,,,,,,,,,,
haridwar_kvk_phenocam,Wheat,wheat_2023_24,S2,20231205T053211_20231205T053206_T44RKU,Sentinel-2A,44RKU,2023-12-05 05:40:24,2023-12-05,339,41.23639519675926,2.868064,163.961949310103,54.2493581740521,05.09,1.0,1.0,0.9058823529411765,57,Y,0.03700000047683716,0.06379999965429306,0.052799999713897705,0.09910000115633011,0.17739999294281006,0.1932000070810318,0.19599999487400055,0.20479999482631683,0.17090000212192535,0.11720000207424164,0.41206049907418274,0.5785380601882935,0.35309794545173645,0.5089643302724983,0.2877227363934006,0.2894967794418335,0.0636160671710968,,
haridwar_kvk_phenocam,Wheat,wheat_2023_24,S2,20231205T053211_20231205T053206_T43RGP,Sentinel-2A,43RGP,2023-12-05 05:40:27,2023-12-05,339,41.23643224537037,0.030368,163.087217465964,54.4426086407903,05.09,1.0,1.0,0.9019607843137255,57,Y,0.033399999141693115,0.06219999864697456,0.050850000232458115,0.0989999994635582,0.17990000545978546,0.19699999690055847,0.19516661870463978,0.20569999516010284,0.1704999953508377,0.11590000241994858,0.42228277027606964,0.5843855738639832,0.3488524556159973,0.5198363541540775,0.28978413343429565,0.2891123236290046,0.06740636378526688,,
haridwar_kvk_phenocam,Wheat,wheat_2023_24,S2,20231210T053219_20231210T053918_T44RKU,Sentinel-2B,44RKU,2023-12-10 05:40:27,2023-12-10,344,46.236429826388886,0.011755,163.563170964016,54.9107561051787,05.09,1.0,1.0,0.8666666666666667,57,Y,0.08269999921321869,0.10000000149011612,0.07779999822378159,0.125,0.2282000035047531,0.25060001015663147,0.2633080420113102,0.257999986410141,0.1662999987602234,0.10679999738931656,0.3838807230833733,0.5415162444114685,0.3529103100299835,0.4469006945965467,0.3304719477891922,0.412895152156443,0.21312280096016922,,
haridwar_kvk_phenocam,Wheat,wheat_2023_24,S2,20231210T053219_20231210T053918_T43RGP,Sentinel-2B,43RGP,2023-12-10 05:40:30,2023-12-10,344,46.236466863425925,2.251031,162.700889149681,55.1085232299964,05.09,1.0,1.0,0.8666666666666667,57,Y,0.07450000196695328,0.0957999974489212,0.07419999688863756,0.12359999865293503,0.23019999265670776,0.2508000135421753,0.26579999923706055,0.26260000467300415,0.1673000007867813,0.10719999670982361,0.3900679051876068,0.565182945767387,0.358120322227478,0.4720260798931122,0.3439943194389343,0.4120336174964904,0.2211792916059494,,
haridwar_kvk_phenocam,Wheat,wheat_2023_24,S2,20231215T053231_20231215T053226_T44RKU,Sentinel-2A,44RKU,2023-12-15 05:40:27,2023-12-15,349,51.23642523148148,37.197453,163.050440745365,55.4081246573988,05.10,1.0,0.0,0.41568627450980394,0,N,,,,,,,,,,,,,,,,,,,
haridwar_kvk_phenocam,Wheat,wheat_2023_24,S2,20231215T053231_20231215T053226_T43RGP,Sentinel-2A,43RGP,2023-12-15 05:40:30,2023-12-15,349,51.236462233796296,48.666239,162.197895489397,55.6117292940083,05.10,1.0,0.0,0.4156862745098039,0,N,,,,,,,,,,,,,,,,,,,
haridwar_kvk_phenocam,Wheat,wheat_2023_24,S2,20231220T053239_20231220T053235_T44RKU,Sentinel-2B,44RKU,2023-12-20 05:40:31,2023-12-20,354,56.23647956018519,0.002588,162.47575576697,55.7250372466816,05.10,1.0,1.0,0.8745098039215686,57,Y,0.08179999887943269,0.09759999811649323,0.06639999896287918,0.11900000274181366,0.24369999766349792,0.2806999981403351,0.29319998621940613,0.2879999876022339,0.13500000536441803,0.06970000267028809,0.39638792475064594,0.6318743228912354,0.4162544310092926,0.5036519071811402,0.39340221881866455,0.5166273713111877,0.3579895496368408,,
haridwar_kvk_phenocam,Wheat,wheat_2023_24,S2,20231220T053239_20231220T053235_T43RGP,Sentinel-2B,43RGP,2023-12-20 05:40:35,2023-12-20,354,56.236516458333334,7.0E-6,161.630011782519,55.9351832287121,05.10,1.0,1.0,0.8745098039215686,57,Y,0.05950000137090683,0.08429999649524689,0.05299999937415123,0.11249999701976776,0.2565999925136566,0.29739999771118164,0.3073999881744385,0.3003000020980835,0.13529999554157257,0.0689999982714653,0.4275375306606293,0.7038148464882268,0.45643362402915955,0.5746114253997803,0.4438738703434464,0.5367088317871094,0.38269551736967905,,
haridwar_kvk_phenocam,Wheat,wheat_2023_24,S2,20231225T053231_20231225T053231_T44RKU,Sentinel-2A,44RKU,2023-12-25 05:40:28,2023-12-25,359,61.236436284722224,0.905715,161.792596810612,55.8708076768126,05.10,1.0,1.0,0.8588235294117647,57,Y,0.08829999715089798,0.10320000350475311,0.07169999927282333,0.12030000239610672,0.26440000534057617,0.31209999322891235,0.31279999017715454,0.314300000667572,0.13529999554157257,0.06620000302791595,0.3904075011228904,0.6283625013175163,0.44549548625946045,0.5105271108272508,0.40949031477233017,0.5583907841271117,0.39379696547985077,,
haridwar_kvk_phenocam,Wheat,wheat_2023_24,S2,20231225T053231_20231225T053231_T43RGP,Sentinel-2A,43RGP,2023-12-25 05:40:31,2023-12-25,359,61.23647329861111,2.319262,160.951058004474,56.0887308267963,05.10,1.0,1.0,0.8549019607843137,57,Y,0.059700001031160355,0.08500000089406969,0.05380000174045563,0.11249999701976776,0.2842999994754791,0.3327000141143799,0.3375999927520752,0.33239999413490295,0.13689999282360077,0.06589999794960022,0.4268768032391866,0.7265273928642273,0.5003208518028259,0.5988357067108154,0.4771197736263275,0.5835996399349083,0.4205290973186493,,
haridwar_kvk_phenocam,Wheat,wheat_2023_24,S2,20231230T053229_20231230T053232_T44RKU,Sentinel-2B,44RKU,2023-12-30 05:40:32,2023-12-30,364,66.23648674768519,53.629333,161.084637617675,55.8251309996264,05.10,1.0,0.0,0.03529411764705882,0,N,,,,,,,,,,,,,,,,,,,
haridwar_kvk_phenocam,Wheat,wheat_2023_24,S2,20231230T053229_20231230T053232_T43RGP,Sentinel-2B,43RGP,2023-12-30 05:40:35,2023-12-30,364,66.23652362268518,90.80258,160.244270360047,56.0510941576291,05.10,1.0,0.0,0.03529411764705882,0,N,,,,,,,,,,,,,,,,,,,
haridwar_kvk_phenocam,Wheat,wheat_2023_24,S2,20240104T053221_20240104T053220_T44RKU,Sentinel-2A,44RKU,2024-01-04 05:40:27,2024-01-04,4,71.23643337962963,3.380313,160.286432883729,55.6071001447088,05.10,1.0,0.0,0.18823529411764703,0,N,,,,,,,,,,,,,,,,,,,
haridwar_kvk_phenocam,Wheat,wheat_2023_24,S2,20240104T053221_20240104T053220_T43RGP,Sentinel-2A,43RGP,2024-01-04 05:40:31,2024-01-04,4,71.23647037037037,37.102205,159.444692995076,55.8421119462744,05.10,1.0,0.0,0.17254901960784313,0,N,,,,,,,,,,,,,,,,,,,
haridwar_kvk_phenocam,Wheat,wheat_2023_24,S2,20240109T053219_20240109T053213_T44RKU,Sentinel-2B,44RKU,2024-01-09 05:40:29,2024-01-09,9,76.23645770833333,14.157647,159.476947137752,55.1992970734032,05.10,1.0,0.0,0.03529411764705882,0,N,,,,,,,,,,,,,,,,,,,
haridwar_kvk_phenocam,Wheat,wheat_2023_24,S2,20240109T053219_20240109T053213_T43RGP,Sentinel-2B,43RGP,2024-01-09 05:40:33,2024-01-09,9,76.23649466435185,61.078405,158.630872464297,55.4434437060766,05.10,1.0,0.0,0.03529411764705882,0,N,,,,,,,,,,,,,,,,,,,
haridwar_kvk_phenocam,Wheat,wheat_2023_24,S2,20240114T053201_20240114T053155_T44RKU,Sentinel-2A,44RKU,2024-01-14 05:40:24,2024-01-14,14,81.23639782407407,2.274666,158.605618539738,54.622029990066,05.10,1.0,0.0,0.09803921568627451,0,N,,,,,,,,,,,,,,,,,,,
haridwar_kvk_phenocam,Wheat,wheat_2023_24,S2,20240114T053201_20240114T053155_T43RGP,Sentinel-2A,43RGP,2024-01-14 05:40:27,2024-01-14,14,81.23643487268518,17.661789,157.752638539896,54.8759783184673,05.10,1.0,0.0,0.09019607843137255,0,N,,,,,,,,,,,,,,,,,,,
haridwar_kvk_phenocam,Wheat,wheat_2023_24,S2,20240119T053149_20240119T053143_T44RKU,Sentinel-2B,44RKU,2024-01-19 05:40:30,2024-01-19,19,86.23646480324074,28.721568,157.765580125983,53.8563700065749,05.10,1.0,0.0,0.03529411764705882,0,N,,,,,,,,,,,,,,,,,,,
haridwar_kvk_phenocam,Wheat,wheat_2023_24,S2,20240119T053149_20240119T053143_T43RGP,Sentinel-2B,43RGP,2024-01-19 05:40:33,2024-01-19,19,86.2365017824074,78.874755,156.902532119559,54.1197187393711,05.10,1.0,0.0,0.03529411764705882,0,N,,,,,,,,,,,,,,,,,,,
haridwar_kvk_phenocam,Wheat,wheat_2023_24,S2,20240124T053111_20240124T053108_T44RKU,Sentinel-2A,44RKU,2024-01-24 05:40:24,2024-01-24,24,91.23639891203703,16.063562,156.864498816644,52.9397196478304,05.10,1.0,0.0,0.03529411764705882,0,N,,,,,,,,,,,,,,,,,,,
haridwar_kvk_phenocam,Wheat,wheat_2023_24,S2,20240124T053111_20240124T053108_T43RGP,Sentinel-2A,43RGP,2024-01-24 05:40:28,2024-01-24,24,91.23643599537037,54.756474,155.988978032614,53.2131106900021,05.10,1.0,0.0,0.03529411764705882,0,N,,,,,,,,,,,,,,,,,,,
haridwar_kvk_phenocam,Wheat,wheat_2023_24,S2,20240129T053059_20240129T053056_T44RKU,Sentinel-2B,44RKU,2024-01-29 05:40:29,2024-01-29,29,96.23644939814815,0.449364,156.005299950022,51.8516497592547,05.10,1.0,1.0,0.8313725490196079,57,Y,0.09260000288486481,0.10360000282526016,0.07660000026226044,0.12229999899864197,0.22939999401569366,0.2619999945163727,0.2680000066757202,0.27390000224113464,0.12950000166893005,0.06759999692440033,0.37882111637623284,0.5553815733578246,0.38481271266937256,0.44157229860623676,0.3396025598049164,0.4642256995042165,0.3492988983032165,,
haridwar_kvk_phenocam,Wheat,wheat_2023_24,S2,20240129T053059_20240129T053056_T43RGP,Sentinel-2B,43RGP,2024-01-29 05:40:32,2024-01-29,29,96.23648640046297,3.310686,155.114129144405,52.1345606781456,05.10,1.0,1.0,0.8313725490196079,57,Y,0.08179999887943268,0.09700000286102295,0.07150000333786011,0.12070000171661377,0.2345000058412552,0.26980000734329224,0.27506791656407786,0.2808000147342682,0.13030000030994415,0.06800000369548798,0.3872579783201218,0.5881645044065872,0.4047676622867584,0.47993403673171997,0.3598152995109558,0.47188708186149597,0.35803779072704767,,
haridwar_kvk_phenocam,Wheat,wheat_2023_24,S2,20240203T053031_20240203T053030_T44RKU,Sentinel-2A,44RKU,2024-02-03 05:40:27,2024-02-03,34,101.23642467592593,47.794425,155.114386720193,50.626070138192,05.10,1.0,0.0,0.07450980392156863,0,N,,,,,,,,,,,,,,,,,,,
haridwar_kvk_phenocam,Wheat,wheat_2023_24,S2,20240203T053031_20240203T053030_T43RGP,Sentinel-2A,43RGP,2024-02-03 05:40:30,2024-02-03,34,101.23646175925926,76.04062,154.204992125592,50.9188062146766,05.10,1.0,0.0,0.06666666666666667,0,N,,,,,,,,,,,,,,,,,,,
haridwar_kvk_phenocam,Wheat,wheat_2023_24,S2,20240208T053009_20240208T053445_T44RKU,Sentinel-2B,44RKU,2024-02-08 05:40:31,2024-02-08,39,106.23647060185185,0.047622,154.252666217102,49.2558978805135,05.10,1.0,1.0,0.9098039215686274,57,Y,0.03220000118017197,0.057799998670816415,0.026000000536441803,0.08739999681711197,0.2614000141620636,0.3118000030517578,0.3386075377828107,0.3247999995946884,0.12370000034570694,0.05950000137090683,0.49599573016166687,0.8576189961292274,0.5803030729293823,0.7090908885002136,0.544250959053603,0.6254130899906158,0.46777990460395813,,
haridwar_kvk_phenocam,Wheat,wheat_2023_24,S2,20240208T053009_20240208T053445_T43RGP,Sentinel-2B,43RGP,2024-02-08 05:40:34,2024-02-08,39,106.23650756944444,0.58033,153.321929651228,49.5580795095991,05.10,1.0,1.0,0.9098039215686274,57,Y,0.03020000085234642,0.05700000002980232,0.026200000196695335,0.0860000029206276,0.25839999318122864,0.3089999854564667,0.3353666663169861,0.32089999318122864,0.12399999797344208,0.05990000069141388,0.49956563516153824,0.8565869927406311,0.5812807679176331,0.7105653737192955,0.5389190316200256,0.6130567193031311,0.46441425383090973,,
haridwar_kvk_phenocam,Wheat,wheat_2023_24,S2,20240213T052931_20240213T053836_T44RKU,Sentinel-2A,44RKU,2024-02-13 05:40:28,2024-02-13,44,111.23644268518518,87.712789,153.36222565205,47.7731729614075,05.10,1.0,0.0,0.6,0,N,,,,,,,,,,,,,,,,,,,
haridwar_kvk_phenocam,Wheat,wheat_2023_24,S2,20240213T052931_20240213T053836_T43RGP,Sentinel-2A,43RGP,2024-02-13 05:40:31,2024-02-13,44,111.23647969907407,84.032542,152.40754246019,48.085061274383,05.10,1.0,0.0,0.596078431372549,0,N,,,,,,,,,,,,,,,,,,,
haridwar_kvk_phenocam,Wheat,wheat_2023_24,S2,20240218T052909_20240218T053641_T44RKU,Sentinel-2B,44RKU,2024-02-18 05:40:32,2024-02-18,49,116.23648524305555,80.190855,152.506156698717,46.1719411028553,05.10,1.0,0.0,0.043137254901960784,0,N,,,,,,,,,,,,,,,,,,,
haridwar_kvk_phenocam,Wheat,wheat_2023_24,S2,20240218T052909_20240218T053641_T43RGP,Sentinel-2B,43RGP,2024-02-18 05:40:35,2024-02-18,49,116.23652215277778,56.156749,151.524233059048,46.4931018460986,05.10,1.0,0.0,0.043137254901960784,0,N,,,,,,,,,,,,,,,,,,,
haridwar_kvk_phenocam,Wheat,wheat_2023_24,S2,20240223T052831_20240223T053517_T44RKU,Sentinel-2A,44RKU,2024-02-23 05:40:29,2024-02-23,54,121.23645003472222,0.019983,151.616455404259,44.4882864687097,05.10,1.0,1.0,0.9058823529411765,57,Y,0.020999999716877937,0.05090000107884407,0.020899999886751175,0.08110000193119049,0.28619998693466187,0.35659998655319214,0.3840000033378601,0.3598000109195709,0.12219999730587006,0.05860000103712082,0.5464859213864448,0.896732230981191,0.644248902797699,0.766789039330823,0.6026830077171326,0.6674157977104187,0.5182632207870483,,
haridwar_kvk_phenocam,Wheat,wheat_2023_24,S2,20240223T052831_20240223T053517_T43RGP,Sentinel-2A,43RGP,2024-02-23 05:40:32,2024-02-23,54,121.23648708333333,0.034751,150.60463440181,44.8190256602155,05.10,1.0,1.0,0.9058823529411765,57,Y,0.019899999722838402,0.050200000405311584,0.021800000220537186,0.08169999718666077,0.2865999937057495,0.36309999227523804,0.376800000667572,0.36230000853538513,0.12380000203847885,0.05920000001788139,0.5465820712863274,0.8915961980819702,0.6419723033905029,0.7662299901000723,0.5906132390237835,0.6545250415802002,0.5125024318695068,,
haridwar_kvk_phenocam,Wheat,wheat_2023_24,S2,20240228T052749_20240228T053352_T44RKU,Sentinel-2B,44RKU,2024-02-28 05:40:29,2024-02-28,59,126.23645634259259,0.025384,150.738597927705,42.7206452741793,05.10,1.0,1.0,0.8980392156862745,57,Y,0.039000000804662704,0.061999998986721046,0.030200000852346424,0.09099999815225601,0.27630001306533813,0.3483000099658966,0.37720000743865967,0.3628999888896942,0.12229999899864197,0.05889999866485596,0.4705373537109559,0.8493870496749878,0.6143611073493958,0.7148184180259705,0.5716999471187592,0.6798133850097656,0.5051828622817993,,
haridwar_kvk_phenocam,Wheat,wheat_2023_24,S2,20240228T052749_20240228T053352_T43RGP,Sentinel-2B,43RGP,2024-02-28 05:40:33,2024-02-28,59,126.23649328703704,1.53E-4,149.69360496005,43.0607612921179,05.10,1.0,1.0,0.8980392156862745,57,Y,0.03449999913573265,0.05950000137090683,0.02879999950528145,0.09009999781847,0.2851000130176544,0.36079999804496765,0.375582918186484,0.37119999527931213,0.12290000170469284,0.05900000035762787,0.4850926697254181,0.8552545011043549,0.6189631819725037,0.7262392044067383,0.5737929741541544,0.6703442071939444,0.5067750811576843,,
haridwar_kvk_phenocam,Wheat,wheat_2023_24,S2,20240304T052721_20240304T053524_T44RKU,Sentinel-2A,44RKU,2024-03-04 05:40:31,2024-03-04,64,131.2364783912037,32.691953,149.851656782943,40.8881140281577,05.10,1.0,0.8493747365462975,0.8862745098039215,48,Y,0.010400000028312206,0.054999999701976776,0.02329999953508377,0.09139999747276306,0.30709999799728394,0.37070000171661377,0.41040000319480896,0.37940001487731934,0.12049999833106995,0.0640999972820282,0.6120906472206116,0.8909431099891663,0.6204773187637329,0.7654075622558594,0.6158201098442078,0.6566963791847229,0.547450840473175,,
haridwar_kvk_phenocam,Wheat,wheat_2023_24,S2,20240304T052721_20240304T053524_T43RGP,Sentinel-2A,43RGP,2024-03-04 05:40:34,2024-03-04,64,131.23651530092593,19.859347,148.770203765803,41.2376463850326,05.10,1.0,0.5689594604089087,0.8862745098039215,32,N,0.015599999576807022,0.05339999869465828,0.02759999968111515,0.09229999780654907,0.29670000076293945,0.37950000166893005,0.3776000142097473,0.382099986076355,0.1216999962925911,0.06310000270605087,0.5509803891181946,0.8619070053100586,0.6128901243209839,0.7546468377113342,0.5795947909355164,0.608471155166626,0.5221274495124817,,
haridwar_kvk_phenocam,Wheat,wheat_2023_24,S2,20240309T052639_20240309T053132_T44RKU,Sentinel-2B,44RKU,2024-03-09 05:40:26,2024-03-09,69,136.2364156597222,0.003134,148.892285122359,39.0232563825307,05.10,1.0,1.0,0.8901960784313725,57,Y,0.03840000182390213,0.0658000037074089,0.032099999487400055,0.0997999981045723,0.2928999960422516,0.35350000858306885,0.37760001420974726,0.3653999865055084,0.12269999831914902,0.05979999899864197,0.4836125075817108,0.8427278995513916,0.5845670700073242,0.7018633484840393,0.5667373584787341,0.669224739074707,0.5095306837230648,,
haridwar_kvk_phenocam,Wheat,wheat_2023_24,S2,20240309T052639_20240309T053132_T43RGP,Sentinel-2B,43RGP,2024-03-09 05:40:29,2024-03-09,69,136.23645271990742,0.038132,147.77191930242,39.3828625194372,05.10,1.0,1.0,0.8862745098039215,57,Y,0.037799999117851264,0.06560000032186507,0.03319999948143959,0.10000000149011612,0.2937999963760376,0.3625999987125397,0.37439998984336853,0.3695000112056732,0.12389999628067017,0.06030000001192093,0.48185421748837426,0.8372169882059097,0.5834962725639343,0.7016004323959351,0.5639048218727112,0.6628461182117462,0.5040872097015381,,
haridwar_kvk_phenocam,Wheat,wheat_2023_24,S2,20240314T052641_20240314T053947_T44RKU,Sentinel-2A,44RKU,2024-03-14 05:40:31,2024-03-14,74,141.23647015046296,4.992442,147.952238976364,37.1101480382015,05.10,1.0,1.0,0.8901960784313725,57,Y,0.018799999728798866,0.05920000001788139,0.028899999335408214,0.10170000046491623,0.2759999930858612,0.3328999876976013,0.34880000352859497,0.3431999981403351,0.12430000305175781,0.06419999897480011,0.5498188138008118,0.8459908366203308,0.5526261329650879,0.7111586928367615,0.5458119511604309,0.5791046619415283,0.4727743864059448,,
haridwar_kvk_phenocam,Wheat,wheat_2023_24,S2,20240314T052641_20240314T053947_T43RGP,Sentinel-2A,43RGP,2024-03-14 05:40:34,2024-03-14,74,141.23650707175926,1.981155,146.788868860687,37.4795532689394,05.10,1.0,1.0,0.8901960784313725,57,Y,0.02500000037252903,0.0632999986410141,0.03420000150799751,0.10459999740123749,0.27390000224113464,0.33079999685287476,0.3398999869823456,0.3515999913215637,0.12489999830722809,0.06539999693632126,0.5125755293028695,0.8133279666397143,0.5412396788597107,0.6901616394289672,0.521130537071198,0.5590024391810099,0.4637649804353714,,
haridwar_kvk_phenocam,Wheat,wheat_2023_24,S2,20240319T052649_20240319T053111_T44RKU,Sentinel-2B,44RKU,2024-03-19 05:40:30,2024-03-19,79,146.23646752314815,11.818812,146.928604006119,35.1942403763348,05.10,1.0,1.0,0.8745098039215686,57,Y,0.032999999821186066,0.0706000030040741,0.04410000145435334,0.11429999768733978,0.2621000111103058,0.310699999332428,0.33399999141693115,0.3314000070095062,0.13210000097751617,0.07660000026226044,0.474053293466568,0.7624274690945944,0.48805907368659973,0.6505127712874346,0.4945872724056244,0.5377458399635251,0.4362502694129944,,
haridwar_kvk_phenocam,Wheat,wheat_2023_24,S2,20240319T052649_20240319T053111_T43RGP,Sentinel-2B,43RGP,2024-03-19 05:40:33,2024-03-19,79,146.23650449074074,14.823084,145.719680340185,35.5741879626747,05.10,1.0,0.0,0.8745098039215686,0,N,,,,,,,,,,,,,,,,,,,
haridwar_kvk_phenocam,Wheat,wheat_2023_24,S2,20240324T052651_20240324T053952_T44RKU,Sentinel-2A,44RKU,2024-03-24 05:40:32,2024-03-24,84,151.23648636574075,98.184353,145.84558919451,33.2796791293175,05.10,1.0,0.0,0.0392156862745098,0,N,,,,,,,,,,,,,,,,,,,
haridwar_kvk_phenocam,Wheat,wheat_2023_24,S2,20240324T052651_20240324T053952_T43RGP,Sentinel-2A,43RGP,2024-03-24 05:40:35,2024-03-24,84,151.23652333333334,99.941438,144.588053547707,33.6706495654547,05.10,1.0,0.0,0.043137254901960784,0,N,,,,,,,,,,,,,,,,,,,
haridwar_kvk_phenocam,Wheat,wheat_2023_24,S2,20240329T052649_20240329T053112_T44RKU,Sentinel-2B,44RKU,2024-03-29 05:40:31,2024-03-29,89,156.23647179398148,6.119141,144.647664335014,31.3936591967281,05.10,1.0,1.0,0.8627450980392157,57,Y,0.04899999871850013,0.07819999754428862,0.0697999969124794,0.13289999961853027,0.21050000190734863,0.24120000004768372,0.2460000067949295,0.26409998536109924,0.14509999752044678,0.09260000288486481,0.3949168920516968,0.5546608567237854,0.33212247490882874,0.5174999833106995,0.3229508399963379,0.3408304750919342,0.24664928593107913,,
haridwar_kvk_phenocam,Wheat,wheat_2023_24,S2,20240329T052649_20240329T053112_T43RGP,Sentinel-2B,43RGP,2024-03-29 05:40:34,2024-03-29,89,156.23650873842593,19.846644,143.339599499587,31.7966290861867,05.10,1.0,1.0,0.8627450980392157,57,Y,0.025800000876188275,0.06475721572169522,0.0599999986588955,0.13169999420642853,0.2160000056028366,0.24480000138282776,0.25554999709129333,0.2721000015735626,0.1477999985218048,0.09239999949932098,0.4275861978530884,0.6088721682043637,0.3464788794517517,0.5902495575515,0.3510560393333435,0.3344789743423462,0.2543461056391023,,
haridwar_kvk_phenocam,Wheat,wheat_2023_24,S2,20240403T052641_20240403T053120_T44RKU,Sentinel-2A,44RKU,2024-04-03 05:40:29,2024-04-03,94,161.23644689814816,90.035427,143.320588873849,29.54981796938,05.10,1.0,1.0,0.788235294117647,57,Y,0.03290000185370445,0.05979999899864197,0.06719999760389328,0.11649999767541885,0.16279999911785126,0.18039999902248383,0.19079999625682834,0.20509999990463257,0.12370000034570694,0.0803999975323677,0.375308632850647,0.47016704082489014,0.27549752593040466,0.5164196442584602,0.24339036643505096,0.22684548424624412,0.21321843881713282,,
haridwar_kvk_phenocam,Wheat,wheat_2023_24,S2,20240403T052641_20240403T053120_T43RGP,Sentinel-2A,43RGP,2024-04-03 05:40:32,2024-04-03,94,161.2364839236111,55.97648,141.960587315679,29.9658637765506,05.10,1.0,1.0,0.807843137254902,57,Y,0.011699999682605268,0.047025377608158364,0.059700001031160355,0.11190000176429749,0.1559000015258789,0.17839999496936798,0.19027951305065682,0.20669999718666077,0.1242000013589859,0.08030000329017639,0.39676805695688183,0.515332818031311,0.28865334391593933,0.6036102048752018,0.2594573199748993,0.21800712496042252,0.21142221987247467,,
haridwar_kvk_phenocam,Wheat,wheat_2023_24,S2,20240408T052649_20240408T053621_T44RKU,Sentinel-2B,44RKU,2024-04-08 05:40:30,2024-04-08,99,166.2364635648148,4.426271,141.870125932132,27.7565634093073,05.10,1.0,1.0,0.8901960784313725,57,Y,0.030500000342726707,0.05559999868273735,0.08240000158548355,0.1234000027179718,0.1501999944448471,0.1703999936580658,0.186599999666214,0.19460000097751617,0.1688999980688095,0.11999999731779099,0.32678133249282837,0.36344683170318604,0.23107179999351501,0.5304508209228516,0.1949315013998485,0.17140734195709229,0.04856640845537186,,
haridwar_kvk_phenocam,Wheat,wheat_2023_24,S2,20240408T052649_20240408T053621_T43RGP,Sentinel-2B,43RGP,2024-04-08 05:40:33,2024-04-08,99,166.2365005324074,0.252647,140.457263725374,28.1865907151704,05.10,1.0,1.0,0.8901960784313725,57,Y,0.03620000183582305,0.05999999865889549,0.08550000190734863,0.12160000205039978,0.14880000054836273,0.1712000072002411,0.18780000507831573,0.19439999759197235,0.1673000007867813,0.11980000138282776,0.329001784324646,0.3634556714544254,0.22469878196716309,0.5092024207115173,0.1930391788482666,0.17389950156211853,0.05341557011140132,,
haridwar_kvk_phenocam,Wheat,wheat_2023_24,S2,20240413T052651_20240413T053638_T44RKU,Sentinel-2A,44RKU,2024-04-13 05:40:32,2024-04-13,104,171.23649262731482,36.079773,140.25770104244,26.0367409940368,05.10,1.0,1.0,0.8509803921568627,57,Y,0.030300000682473183,0.06365000084042549,0.10719999670982361,0.1436000019311905,0.16040000319480896,0.17579999566078186,0.19140000641345978,0.20730000734329224,0.20029999315738678,0.14509999752044678,0.317538901089372,0.2726273685693741,0.1836734414100647,0.4926490553787775,0.1521352941336313,0.12532513742866552,-0.025694813579320908,,
haridwar_kvk_phenocam,Wheat,wheat_2023_24,S2,20240413T052651_20240413T053638_T43RGP,Sentinel-2A,43RGP,2024-04-13 05:40:36,2024-04-13,104,171.23652953703703,62.071168,138.792774266564,26.4819686767871,05.10,1.0,1.0,0.8509803921568627,57,Y,0.020400000736117363,0.058400001376867294,0.10639999806880951,0.14079999923706055,0.15780000388622284,0.1746000051498413,0.19099999964237213,0.2053000032901764,0.20180000364780426,0.14550000429153442,0.31681305170059204,0.2755855380988446,0.18670521676540375,0.528049886226654,0.15415020287036896,0.12140759505848651,-0.028585635125637054,,
haridwar_kvk_phenocam,Wheat,wheat_2023_24,S2,20240418T052649_20240418T053109_T44RKU,Sentinel-2B,44RKU,2024-04-18 05:40:32,2024-04-18,109,176.23648515046295,31.989178,138.430582523026,24.417912589022,05.10,1.0,1.0,0.8862745098039215,57,Y,0.04690000042319298,0.0706000030040741,0.11580000072717667,0.1431499943137169,0.15729999542236328,0.17520000040531158,0.18539999425411224,0.19679999351501465,0.21930000185966492,0.16140000522136688,0.3040178418159485,0.22730893124847645,0.1603531688451767,0.4401952624320984,0.12605998995966805,0.1103014275431633,-0.09096020609140396,,
haridwar_kvk_phenocam,Wheat,wheat_2023_24,S2,20240418T052649_20240418T053109_T43RGP,Sentinel-2B,43RGP,2024-04-18 05:40:35,2024-04-18,109,176.23652202546296,38.549149,136.917672145983,24.879848540149,05.10,1.0,1.0,0.8823529411764706,57,Y,0.04170000180602074,0.06729999929666519,0.11559999734163284,0.14419999718666077,0.15449999272823334,0.17440000176429749,0.18389999866485596,0.19850000739097595,0.22210000455379486,0.16189999878406525,0.30097296833992004,0.22724426026085776,0.16381560266017914,0.45900383591651917,0.12735502421855927,0.10739246010780334,-0.09451477974653244,,
haridwar_kvk_phenocam,Wheat,wheat_2023_24,S2,20240423T052651_20240423T053016_T44RKU,Sentinel-2A,44RKU,2024-04-23 05:40:34,2024-04-23,114,181.23650641203704,36.311823,136.415792575057,22.9041486506567,05.10,1.0,0.0,0.7372549019607845,0,N,,,,,,,,,,,,,,,,,,,
haridwar_kvk_phenocam,Wheat,wheat_2023_24,S2,20240423T052651_20240423T053016_T43RGP,Sentinel-2A,43RGP,2024-04-23 05:40:37,2024-04-23,114,181.23654328703705,86.401105,134.86023128326,23.3839310436247,05.10,1.0,0.0,0.7254901960784313,0,N,,,,,,,,,,,,,,,,,,,
haridwar_kvk_phenocam,Wheat,wheat_2023_24,S2,20240428T052649_20240428T053107_T44RKU,Sentinel-2B,44RKU,2024-04-28 05:40:30,2024-04-28,119,186.23646471064814,42.343926,134.134883095379,21.5321906439575,05.10,1.0,0.0,0.28627450980392155,0,N,,,,,,,,,,,,,,,,,,,
haridwar_kvk_phenocam,Wheat,wheat_2023_24,S2,20240428T052649_20240428T053107_T43RGP,Sentinel-2B,43RGP,2024-04-28 05:40:33,2024-04-28,119,186.23650164351852,69.839269,132.547985531342,22.0313534237461,05.10,1.0,0.0,0.2627450980392157,0,N,,,,,,,,,,,,,,,,,,,
haridwar_kvk_phenocam,Wheat,wheat_2024_25,S2,20241219T053231_20241219T053758_T44RKU,Sentinel-2A,44RKU,2024-12-19 05:40:30,2024-12-19,354,4.236461608796296,0.012561,162.504516578322,55.7138776979367,05.11,1.0,1.0,0.8627450980392157,57,Y,0.1037999987602234,0.11860000342130661,0.133200004696846,0.15000000596046448,0.17270000278949738,0.1843000054359436,0.1907999962568283,0.1979999989271164,0.22660000622272491,0.2037000060081482,0.33465444296598434,0.18426239117980003,0.13130159676074982,0.22960640947861843,0.10692241042852402,0.12252200271155851,-0.0961405780746314,,
haridwar_kvk_phenocam,Wheat,wheat_2024_25,S2,20241219T053231_20241219T053758_T43RGP,Sentinel-2A,43RGP,2024-12-19 05:40:33,2024-12-19,354,4.236498622685185,1.36E-4,161.658496508101,55.9237002021964,05.11,1.0,1.0,0.8627450980392157,57,Y,0.09000000357627869,0.11240000277757643,0.13220000267028809,0.14949999749660492,0.17299999296665192,0.1875,0.19179999828338623,0.20270000398159027,0.23360000550746918,0.2029000073671341,0.33486850559711456,0.18988970667123795,0.13310758769512177,0.2631808981936883,0.1098409323170543,0.11665745095352816,-0.09839134469584464,,
haridwar_kvk_phenocam,Wheat,wheat_2024_25,S2,20241219T053301_20241219T053623_T43RGP,Sentinel-2C,43RGP,2024-12-19 05:41:01,2024-12-19,354,4.236817592592592,7.43E-4,161.780002650678,55.8925926939008,99.06,1.0,1.0,0.8705882352941177,57,Y,0.09269999712705612,0.11479999870061874,0.1327499970793724,0.14959999918937683,0.17319999635219574,0.18400000035762787,0.1964000016450882,0.19830000400543213,0.2386000007390976,0.20669999718666077,0.33866584300994873,0.18813488236675321,0.13487817347049713,0.25700557231903076,0.1107668871971408,0.11925584822893143,-0.10209547355771065,,
haridwar_kvk_phenocam,Wheat,wheat_2024_25,S2,20241224T053139_20241224T053142_T44RKU,Sentinel-2B,44RKU,2024-12-24 05:40:32,2024-12-24,359,9.236491030092592,59.383488,161.851636755493,55.8621029161873,05.11,1.0,0.0,0.0392156862745098,0,N,,,,,,,,,,,,,,,,,,,
haridwar_kvk_phenocam,Wheat,wheat_2024_25,S2,20241224T053139_20241224T053142_T43RGP,Sentinel-2B,43RGP,2024-12-24 05:40:36,2024-12-24,359,9.236527986111112,87.783837,161.009806650034,56.0793523482376,05.11,1.0,0.0,0.0392156862745098,0,N,,,,,,,,,,,,,,,,,,,
haridwar_kvk_phenocam,Wheat,wheat_2024_25,S2,20241229T053231_20241229T053232_T44RKU,Sentinel-2A,44RKU,2024-12-29 05:40:32,2024-12-29,364,14.236484270833333,9.987626,161.121130671644,55.8316960976891,05.11,1.0,1.0,0.8235294117647058,57,Y,0.08820000290870667,0.09759999811649323,0.09860000014305115,0.12219999730587006,0.16089999675750732,0.1680999994277954,0.16500000655651093,0.17470000684261322,0.1477999985218048,0.10620000213384628,0.34018346667289734,0.2418689337498117,0.1633714735507965,0.259385394893827,0.1283353716135025,0.14806334311166713,0.03215214051306248,,
haridwar_kvk_phenocam,Wheat,wheat_2024_25,S2,20241229T053231_20241229T053232_T43RGP,Sentinel-2A,43RGP,2024-12-29 05:40:35,2024-12-29,364,14.236521261574074,39.835653,160.280760009569,56.0572482773369,05.11,1.0,1.0,0.8235294117647058,57,Y,0.08219999819993973,0.09359999746084213,0.0966000035405159,0.12600000202655792,0.1632000058889389,0.17170000076293945,0.16439999639987946,0.17980000376701355,0.1517000049352646,0.1054999977350235,0.34167078137397766,0.24755693141554225,0.1622418910264969,0.2748154103755951,0.13059167180505682,0.14526514395433207,0.032211377384123496,,
haridwar_kvk_phenocam,Wheat,wheat_2024_25,S2,20250103T053129_20250103T053130_T44RKU,Sentinel-2B,44RKU,2025-01-03 05:40:31,2025-01-03,3,19.236473125,67.534077,160.337707412985,55.6185255050614,05.11,1.0,0.0,0.043137254901960784,0,N,,,,,,,,,,,,,,,,,,,
haridwar_kvk_phenocam,Wheat,wheat_2024_25,S2,20250103T053129_20250103T053130_T43RGP,Sentinel-2B,43RGP,2025-01-03 05:40:34,2025-01-03,3,19.236510069444446,92.004442,159.496028734188,55.8529522280644,05.11,1.0,0.0,0.043137254901960784,0,N,,,,,,,,,,,,,,,,,,,
haridwar_kvk_phenocam,Wheat,wheat_2024_25,S2,20250113T053209_20250113T053803_T44RKU,Sentinel-2B,44RKU,2025-01-13 05:40:30,2025-01-13,13,29.236464907407406,0.017297,158.674870571843,54.6460655646046,05.11,1.0,1.0,0.9019607843137255,57,Y,0.04430000111460685,0.0618637465807855,0.05119999870657921,0.08950000256299973,0.16110000014305115,0.17919999361038208,0.18050000071525574,0.1898999959230423,0.13680000603199005,0.08910000324249268,0.3893609791994095,0.52578337987264,0.31851255893707275,0.46031527198962313,0.24169014394283295,0.2522825883833442,0.10025441168139042,,
haridwar_kvk_phenocam,Wheat,wheat_2024_25,S2,20250113T053209_20250113T053803_T43RGP,Sentinel-2B,43RGP,2025-01-13 05:40:33,2025-01-13,13,29.23650189814815,4.74E-4,157.822092834274,54.8992323968723,05.11,1.0,1.0,0.9019607843137255,57,Y,0.039000000804662704,0.059300001710653305,0.04969999939203262,0.09210000187158585,0.16519999504089355,0.18400000035762787,0.18389999866485596,0.18230000138282776,0.1379999965429306,0.09139999747276306,0.3956582546234131,0.5379443168640137,0.3181817829608917,0.4770350158214569,0.2419903725385666,0.24699021726846696,0.0970468744635582,,
haridwar_kvk_phenocam,Wheat,wheat_2024_25,S2,20250118T053141_20250118T053348_T44RKU,Sentinel-2A,44RKU,2025-01-18 05:40:29,2025-01-18,18,34.236457557870374,93.948555,157.809957324752,53.8970344043289,05.11,1.0,0.0,0.09019607843137255,0,N,,,,,,,,,,,,,,,,,,,
haridwar_kvk_phenocam,Wheat,wheat_2024_25,S2,20250118T053141_20250118T053348_T43RGP,Sentinel-2A,43RGP,2025-01-18 05:40:33,2025-01-18,18,34.23649454861111,88.131028,156.947433840958,54.1598913249071,05.11,1.0,0.0,0.09411764705882353,0,N,,,,,,,,,,,,,,,,,,,
haridwar_kvk_phenocam,Wheat,wheat_2024_25,S2,20250123T053029_20250123T053836_T44RKU,Sentinel-2B,44RKU,2025-01-23 05:40:32,2025-01-23,23,39.23649084490741,13.227361,156.947636660379,52.9766148456354,05.11,1.0,1.0,0.9098039215686274,57,Y,0.0439000017940998,0.07010000199079514,0.04700253629193141,0.10289999842643738,0.21459999680519104,0.23739999532699585,0.24432623648259896,0.24770000576972961,0.15719999372959137,0.09679999947547913,0.42738383090173876,0.6697641015052795,0.39076539874076843,0.5428973436355591,0.3604770600795746,0.40118757883707684,0.22101021806399027,,
haridwar_kvk_phenocam,Wheat,wheat_2024_25,S2,20250123T053029_20250123T053836_T43RGP,Sentinel-2B,43RGP,2025-01-23 05:40:36,2025-01-23,23,39.236527824074074,6.907349,156.072470938911,53.2490793108327,05.11,1.0,1.0,0.9058823529411765,57,Y,0.02319999970495701,0.057999998331069946,0.03680000081658363,0.10000000149011612,0.21860000491142273,0.23960000276565552,0.25210000574588776,0.25540000200271606,0.1599999964237213,0.10080000013113022,0.4857414662837982,0.7410914192074223,0.42131420969963074,0.6192426085472107,0.39077189564704895,0.39472195506095886,0.22406112253665925,,
haridwar_kvk_phenocam,Wheat,wheat_2024_25,S2,20250128T053131_20250128T054026_T44RKU,Sentinel-2C,44RKU,2025-01-28 05:40:59,2025-01-28,28,44.236794270833336,0.453989,156.187728751134,51.8638422363044,05.11,1.0,1.0,0.8588235294117647,57,Y,0.08320000022649764,0.0997999981045723,0.07299999892711638,0.12870000302791595,0.23420000076293945,0.2565000057220459,0.26919999718666077,0.26510000228881836,0.1492999941110611,0.08529999852180481,0.38623327016830444,0.5709969401359558,0.34942343831062317,0.45744094252586365,0.34404171063153016,0.44438284635543823,0.2922223072333876,,
haridwar_kvk_phenocam,Wheat,wheat_2024_25,S2,20250128T053131_20250128T054026_T43RGP,Sentinel-2C,43RGP,2025-01-28 05:41:02,2025-01-28,28,44.23683125,19.946025,155.296095163561,52.144743657836,05.11,1.0,1.0,0.8588235294117647,57,Y,0.0689999982714653,0.09182263231156645,0.06630788465258491,0.12559999525547028,0.2395000010728836,0.25949999690055847,0.27459999918937683,0.2685999870300293,0.1527000069618225,0.0851999968290329,0.40163210814907435,0.6000000238418579,0.36085477471351624,0.4927697479724884,0.36758161584536236,0.44010090827941895,0.2857494652271271,,
haridwar_kvk_phenocam,Wheat,wheat_2024_25,S2,20250202T052939_20250202T053107_T44RKU,Sentinel-2B,44RKU,2025-02-02 05:40:33,2025-02-02,33,49.23650118055556,0.012734,155.185551204778,50.6785898773397,05.11,1.0,1.0,0.8784313725490196,57,Y,0.07000000029802322,0.08330000191926956,0.056699998676776886,0.10480000078678131,0.22679999470710754,0.2619999945163727,0.27140000462532043,0.26899999380111694,0.1290999948978424,0.06679999828338623,0.3931506872177124,0.6533658504486084,0.45674654841423035,0.5318681597709656,0.38747167587280273,0.4857129454612732,0.35883134603500366,,
haridwar_kvk_phenocam,Wheat,wheat_2024_25,S2,20250202T052939_20250202T053107_T43RGP,Sentinel-2B,43RGP,2025-02-02 05:40:36,2025-02-02,33,49.236538125,2.489942,154.276815820024,50.970544308794,05.11,1.0,1.0,0.8745098039215686,57,Y,0.05779999867081642,0.07639999687671661,0.05009999871253967,0.10029999911785126,0.22910000383853912,0.2614000141620636,0.2752000093460083,0.2759999930858612,0.12870000302791595,0.06859999895095825,0.4071207344532013,0.6939375102519989,0.4699949622154236,0.5728446841239929,0.40647396445274353,0.485571950674057,0.3633562922477722,,
haridwar_kvk_phenocam,Wheat,wheat_2024_25,S2,20250207T053031_20250207T053735_T44RKU,Sentinel-2C,44RKU,2025-02-07 05:40:57,2025-02-07,38,54.236781909722225,13.485302,154.42483652371,49.2823115466362,05.11,1.0,0.0,0.788235294117647,0,N,,,,,,,,,,,,,,,,,,,
haridwar_kvk_phenocam,Wheat,wheat_2024_25,S2,20250207T053031_20250207T053735_T43RGP,Sentinel-2C,43RGP,2025-02-07 05:41:01,2025-02-07,38,54.236818900462964,21.847606,153.493839801329,49.5826227384765,05.11,1.0,0.0,0.792156862745098,0,N,,,,,,,,,,,,,,,,,,,
haridwar_kvk_phenocam,Wheat,wheat_2024_25,S2,20250212T052839_20250212T053319_T44RKU,Sentinel-2B,44RKU,2025-02-12 05:40:34,2025-02-12,43,59.23651545138889,1.303328,153.438835597761,47.8368984615648,05.11,1.0,1.0,0.8980392156862745,57,Y,0.03709999844431877,0.0568000003695488,0.032600000500679016,0.0835999995470047,0.2565000057220459,0.31859999895095825,0.3328000009059906,0.3310999870300293,0.12800000607967377,0.06260000169277191,0.44392263355539807,0.8188959658145905,0.5981503129005432,0.7101653416951498,0.5222067832946777,0.5987907001990399,0.4488790704319809,,
haridwar_kvk_phenocam,Wheat,wheat_2024_25,S2,20250212T052839_20250212T053319_T43RGP,Sentinel-2B,43RGP,2025-02-12 05:40:38,2025-02-12,43,59.236552349537035,0.020906,152.485016065543,48.1479576269824,05.11,1.0,1.0,0.8941176470588236,57,Y,0.0357000008225441,0.055799998342990875,0.032600000500679016,0.08389999717473984,0.25619998574256897,0.3174000084400177,0.3343999981880188,0.33070001006126404,0.12999999523162842,0.06350000202655792,0.4479501098394394,0.8150358200073242,0.5931966304779053,0.7114770412445068,0.5176757787758449,0.5907467255344638,0.4410889148712158,,
haridwar_kvk_phenocam,Wheat,wheat_2024_25,S2,20250217T052931_20250217T053430_T44RKU,Sentinel-2C,44RKU,2025-02-17 05:40:54,2025-02-17,48,64.23673798611111,1.107957,152.66708078356,46.2147354551112,05.11,1.0,1.0,0.9098039215686274,57,Y,0.03500000014901161,0.05719999969005584,0.03060000017285347,0.09390000253915787,0.29739999771118164,0.35910001397132874,0.37279999256134033,0.3693000078201294,0.13570000231266022,0.06340000033378601,0.4659643471240997,0.8464303232831186,0.5938314199447632,0.7336543562912171,0.5659875869750977,0.6587316393852234,0.4642313420772553,,
haridwar_kvk_phenocam,Wheat,wheat_2024_25,S2,20250217T052931_20250217T053430_T43RGP,Sentinel-2C,43RGP,2025-02-17 05:40:57,2025-02-17,48,64.236775,0.0,151.68518410463,46.5341739571799,05.11,1.0,1.0,0.9058823529411765,57,Y,0.02979999966919422,0.054099999368190765,0.028699999675154686,0.09269999712705612,0.2971999943256378,0.3580000102519989,0.37180959499497124,0.3691999912261963,0.13500000536441803,0.0632999986410141,0.4797047972679138,0.8548990488052368,0.5995520949363708,0.7442475637724233,0.5708493106317201,0.6496850848197937,0.464412122964859,,
haridwar_kvk_phenocam,Wheat,wheat_2024_25,S2,20250222T052739_20250222T053036_T44RKU,Sentinel-2B,44RKU,2025-02-22 05:40:35,2025-02-22,53,69.2365247800926,94.369471,151.698272784435,44.5605764759691,05.11,1.0,0.0,0.03137254901960784,0,N,,,,,,,,,,,,,,,,,,,
haridwar_kvk_phenocam,Wheat,wheat_2024_25,S2,20250222T052739_20250222T053036_T43RGP,Sentinel-2B,43RGP,2025-02-22 05:40:38,2025-02-22,53,69.23656165509259,94.770753,150.687528999238,44.8904391162463,05.11,1.0,0.0,0.03137254901960784,0,N,,,,,,,,,,,,,,,,,,,
haridwar_kvk_phenocam,Wheat,wheat_2024_25,S2,20250227T052821_20250227T053844_T44RKU,Sentinel-2C,44RKU,2025-02-27 05:40:55,2025-02-27,58,74.2367530324074,99.971884,150.923223381796,42.7621758236189,05.11,1.0,0.0,0.043137254901960784,0,N,,,,,,,,,,,,,,,,,,,
haridwar_kvk_phenocam,Wheat,wheat_2024_25,S2,20250227T052821_20250227T053844_T43RGP,Sentinel-2C,43RGP,2025-02-27 05:40:58,2025-02-27,58,74.23679006944444,99.995595,149.878020535553,43.1003464905276,05.11,1.0,0.0,0.043137254901960784,0,N,,,,,,,,,,,,,,,,,,,
haridwar_kvk_phenocam,Wheat,wheat_2024_25,S2,20250304T052649_20250304T053024_T44RKU,Sentinel-2B,44RKU,2025-03-04 05:40:34,2025-03-04,63,79.23650969907408,41.554165,149.908430963934,40.9723348644192,05.11,1.0,1.0,0.8549019607843137,57,Y,0.04560000076889992,0.065700002014637,0.04313511452602067,0.0966000035405159,0.3034000098705292,0.40459999442100525,0.4124000072479248,0.4174000024795532,0.15449999272823334,0.07919999957084656,0.42366862297058105,0.8110605491525681,0.6223404407501221,0.7242524225978141,0.5788952220569957,0.6945944582974469,0.4527984500051506,,
haridwar_kvk_phenocam,Wheat,wheat_2024_25,S2,20250304T052649_20250304T053024_T43RGP,Sentinel-2B,43RGP,2025-03-04 05:40:37,2025-03-04,63,79.23654659722222,11.442816,148.828608500983,41.3212636481454,05.11,1.0,1.0,0.8549019607843137,57,Y,0.03550000116229057,0.061799999326467514,0.0382230757520749,0.0949999988079071,0.3125999867916107,0.4187999963760376,0.42649999260902405,0.42730000615119934,0.15600000321865082,0.07989999651908875,0.45028834044933314,0.8347699642181396,0.6380320191383362,0.7494332608470948,0.6000163704156876,0.6912089586257935,0.46140645461211627,,
haridwar_kvk_phenocam,Wheat,wheat_2024_25,S2,20250309T052711_20250309T053627_T44RKU,Sentinel-2C,44RKU,2025-03-09 05:40:54,2025-03-09,68,84.23674731481482,0.974963,149.106695486194,39.0607475698558,05.11,1.0,1.0,0.8941176470588236,57,Y,0.03420000150799751,0.058400001376867294,0.03401625767497007,0.09589999914169312,0.31839999556541443,0.39329999685287476,0.4158505486887555,0.41510000824928284,0.13899999856948853,0.06960000097751617,0.4597483277320862,0.8489270634773998,0.6264128684997559,0.7536531903634726,0.6030207872390747,0.7003681702786182,0.4967845380306244,,
haridwar_kvk_phenocam,Wheat,wheat_2024_25,S2,20250309T052711_20250309T053627_T43RGP,Sentinel-2C,43RGP,2025-03-09 05:40:58,2025-03-09,68,84.23678434027778,0.118294,147.985676284989,39.418140751388,05.11,1.0,1.0,0.8941176470588236,57,Y,0.03280000016093254,0.0580499991774559,0.03460000082850456,0.09719999879598618,0.31850001215934753,0.39559999108314514,0.4117000102996826,0.4147999882698059,0.1378999948501587,0.0689999982714653,0.4592485303089867,0.8433692676747739,0.6240138411521912,0.7543761332829794,0.5970379114151001,0.6869155764579773,0.4970398473588726,,
haridwar_kvk_phenocam,Wheat,wheat_2024_25,S2,20250314T052649_20250314T054014_T44RKU,Sentinel-2B,44RKU,2025-03-14 05:40:32,2025-03-14,73,89.23649267361111,3.314609,148.017364298337,37.1983680506665,05.11,1.0,1.0,0.9019607843137255,57,Y,0.024374999571591616,0.04969999939203262,0.0245748251027877,0.08320000022649765,0.3061000108718872,0.4047999978065491,0.4227267431688833,0.42329999804496765,0.1315000057220459,0.06710000336170197,0.5053131639957428,0.8918122966832154,0.6733788847923279,0.7914152145385742,0.6292886211875891,0.7158694267272949,0.519879937171936,,
haridwar_kvk_phenocam,Wheat,wheat_2024_25,S2,20250314T052649_20250314T054014_T43RGP,Sentinel-2B,43RGP,2025-03-14 05:40:36,2025-03-14,73,89.23652962962963,10.508346,146.855870039237,37.5670999030344,05.11,1.0,1.0,0.9058823529411765,57,Y,0.02280000038444996,0.049400001764297485,0.024519430605862376,0.0843999981880188,0.30649998784065247,0.4032000005245209,0.42405370291202293,0.4221000075340271,0.13289999961853027,0.06700000166893005,0.5092135617447274,0.8908440951830167,0.6716973185539246,0.7957707047462463,0.6264897286891937,0.704095721244812,0.5169859031836193,,
haridwar_kvk_phenocam,Wheat,wheat_2024_25,S2,20250319T052711_20250319T053558_T44RKU,Sentinel-2C,44RKU,2025-03-19 05:40:54,2025-03-19,78,94.2367463425926,6.949939,147.1425541719,35.2391299002454,05.11,1.0,1.0,0.9019607843137255,57,Y,0.02105795416388322,0.05063333362340927,0.026200000196695328,0.09560000151395798,0.3043000102043152,0.37689998745918274,0.3962000012397766,0.39559999108314514,0.13349999487400055,0.06729999929666519,0.5160884092173239,0.8737384796142578,0.6123440861701965,0.7731420993804932,0.5930684208869934,0.6507541537284851,0.4878916615622982,,
haridwar_kvk_phenocam,Wheat,wheat_2024_25,S2,20250319T052711_20250319T053558_T43RGP,Sentinel-2C,43RGP,2025-03-19 05:40:58,2025-03-19,78,94.23678327546297,0.23563,145.933000504733,35.6169196657136,05.11,1.0,1.0,0.9019607843137255,57,Y,0.022667639866589866,0.05169999971985817,0.02930000051856041,0.09520000219345093,0.3009999990463257,0.37380000948905945,0.38989999890327454,0.38690000772476196,0.13349999487400055,0.06769999861717224,0.49764009316762287,0.856050072690925,0.6051484942436218,0.7631068148081928,0.5824278901730264,0.6373329758644104,0.4822854995727539,,
haridwar_kvk_phenocam,Wheat,wheat_2024_25,S2,20250324T052649_20250324T054002_T44RKU,Sentinel-2B,44RKU,2025-03-24 05:40:34,2025-03-24,83,99.23650751157408,3.6E-5,145.920683451416,33.3674303455541,05.11,1.0,1.0,0.8705882352941177,57,Y,0.05979999899864196,0.07660000026226044,0.056233334044615425,0.10409999638795853,0.24120000004768372,0.30329999327659607,0.3131999969482422,0.3190000057220459,0.13580000400543213,0.07580000162124634,0.39586359364611484,0.6878612637519836,0.5100022554397583,0.6056045889854431,0.43618735671043396,0.5210515249942996,0.39300114539132186,,
haridwar_kvk_phenocam,Wheat,wheat_2024_25,S2,20250324T052649_20250324T054002_T43RGP,Sentinel-2B,43RGP,2025-03-24 05:40:37,2025-03-24,83,99.23654439814815,8.3E-5,144.665211448229,33.7576438009776,05.11,1.0,1.0,0.8705882352941177,57,Y,0.049241312347586934,0.07020000368356705,0.05119999870657921,0.10109999775886536,0.24580000340938568,0.3163999915122986,0.32280001044273376,0.3314000070095062,0.13590000569820404,0.0778999999165535,0.4106825739145279,0.7210599780082703,0.5293333530426025,0.642737865447998,0.462660272916158,0.5354854166507721,0.407276709874471,,
haridwar_kvk_phenocam,Wheat,wheat_2024_25,S2,20250329T052841_20250329T053314_T44RKU,Sentinel-2C,44RKU,2025-03-29 05:40:53,2025-03-29,88,104.23672697916666,27.770606,144.86277204427,31.4375832907169,05.11,1.0,0.0,0.8431372549019608,0,N,,,,,,,,,,,,,,,,,,,
haridwar_kvk_phenocam,Wheat,wheat_2024_25,S2,20250329T052841_20250329T053314_T43RGP,Sentinel-2C,43RGP,2025-03-29 05:40:56,2025-03-29,88,104.23676399305556,60.852414,143.553838697851,31.8384422590319,05.11,1.0,0.0,0.8431372549019608,0,N,,,,,,,,,,,,,,,,,,,
haridwar_kvk_phenocam,Wheat,wheat_2024_25,S2,20250331T053241_20250331T053237_T44RKU,Sentinel-2A,44RKU,2025-03-31 05:40:41,2025-03-31,90,106.23658828703704,0.476002,144.273001352764,30.7162263750144,05.11,1.0,1.0,0.8901960784313725,57,Y,0.017436010220848782,0.05256243722874727,0.03791241476783813,0.09910000115633011,0.23549999296665192,0.2833999991416931,0.3043999969959259,0.3075999915599823,0.14079999923706055,0.08380000293254852,0.4822286367416382,0.7774919271469116,0.5039238929748535,0.7140166159523161,0.471228142959937,0.47042223811149597,0.36444030205408734,,
haridwar_kvk_phenocam,Wheat,wheat_2024_25,S2,20250331T053241_20250331T053237_T43RGP,Sentinel-2A,43RGP,2025-03-31 05:40:44,2025-03-31,90,106.2366253125,0.008547,142.944996448575,31.1229435852922,05.11,1.0,1.0,0.8862745098039215,57,Y,0.014959999918937683,0.050942437093266665,0.03784999996423721,0.09870000183582306,0.23579999804496765,0.2840999960899353,0.30869999527931213,0.3124000132083893,0.13940000534057617,0.08309999853372574,0.48689500153509535,0.7765153497457504,0.5093011260032654,0.7145287143297432,0.47511314395545184,0.4700073003768921,0.36672794818878174,,
haridwar_kvk_phenocam,Wheat,wheat_2024_25,S2,20250403T052649_20250403T053649_T44RKU,Sentinel-2B,44RKU,2025-04-03 05:40:29,2025-04-03,93,109.23645780092592,3.936299,143.392800130009,29.6353948009043,05.11,1.0,1.0,0.8823529411764706,57,Y,0.008947040200976197,0.047266061886021206,0.04228228852977612,0.10450000315904617,0.219200000166893,0.25839999318122864,0.28139999508857727,0.2822999954223633,0.1412000060081482,0.08500000089406967,0.47312746942043304,0.7399527430534363,0.46633291244506836,0.7183206975460052,0.4294958710670471,0.40005087930588956,0.32387696387279574,,
haridwar_kvk_phenocam,Wheat,wheat_2024_25,S2,20250403T052649_20250403T053649_T43RGP,Sentinel-2B,43RGP,2025-04-03 05:40:33,2025-04-03,93,109.23649481481482,0.150583,142.03520782833,30.0507268534893,05.11,1.0,1.0,0.8784313725490196,57,Y,0.02319999970495701,0.05704568770413581,0.05109421129388909,0.1080000028014183,0.21299999952316284,0.2547000050544739,0.2765333255132039,0.2815000116825104,0.14090000092983246,0.08579999953508377,0.42834157262249084,0.683834433555603,0.4472285509109497,0.6606786251068115,0.3976331055164337,0.38830801844596863,0.31402140855789185,,
haridwar_kvk_phenocam,Wheat,wheat_2024_25,S2,20250408T052711_20250408T054024_T44RKU,Sentinel-2C,44RKU,2025-04-08 05:40:54,2025-04-08,98,114.2367386574074,6.961618,142.124652329015,27.7880224853533,05.11,1.0,1.0,0.7843137254901961,57,Y,0.06599999964237213,0.08860000222921373,0.09489999711513519,0.13600000739097595,0.18289999663829803,0.19979999959468842,0.20679999887943268,0.22930000722408295,0.17000000178813934,0.1151999980211258,0.3569919764995575,0.37281516244749185,0.24986448884010315,0.3977421009635356,0.20764543116092682,0.21811080408552963,0.09250189794669529,,
haridwar_kvk_phenocam,Wheat,wheat_2024_25,S2,20250408T052711_20250408T054024_T43RGP,Sentinel-2C,43RGP,2025-04-08 05:40:57,2025-04-08,98,114.23677560185185,0.075554,140.709575681212,28.2156491974191,05.11,1.0,1.0,0.7843137254901961,57,Y,0.06780000030994415,0.09040000289678574,0.0957999974489212,0.13619999587535858,0.18209999799728394,0.20280000567436218,0.20659999549388885,0.22920000553131104,0.16910000145435333,0.1152999997138977,0.35508570075035095,0.3620689809322357,0.2436363697052002,0.3868917771007704,0.20391619205474854,0.21417298913002014,0.09565680474042892,,
haridwar_kvk_phenocam,Wheat,wheat_2024_25,S2,20250413T052649_20250413T053356_T44RKU,Sentinel-2B,44RKU,2025-04-13 05:40:33,2025-04-13,103,119.23650412037037,3.469439,140.358711499807,26.1142454239207,05.11,1.0,1.0,0.8784313725490196,57,Y,0.02625000011175871,0.05359999835491181,0.08726666619380315,0.12210000306367874,0.15000000596046448,0.17430000007152557,0.18440000712871552,0.20640000700950623,0.18780000507831573,0.13580000400543213,0.3230611803010106,0.346630430592431,0.23236246407032013,0.5453827977180481,0.18278779373824144,0.1553357408778502,-0.024854800944938457,,
haridwar_kvk_phenocam,Wheat,wheat_2024_25,S2,20250413T052649_20250413T053356_T43RGP,Sentinel-2B,43RGP,2025-04-13 05:40:37,2025-04-13,103,119.2365410300926,0.241578,138.895820047517,26.5585257996318,05.11,1.0,1.0,0.8745098039215686,57,Y,0.030700000002980232,0.05724243833168366,0.0885000005364418,0.12860000133514404,0.15070000290870667,0.17430000007152557,0.18639999628067017,0.2061000019311905,0.18850000202655792,0.13529999554157257,0.325347445648292,0.34230110528585794,0.22927114367485046,0.5232000350952148,0.18296551704406738,0.15757575631141663,-0.022138810957541,,
haridwar_kvk_phenocam,Wheat,wheat_2024_25,S2,20250418T052711_20250418T053150_T44RKU,Sentinel-2C,44RKU,2025-04-18 05:40:51,2025-04-18,108,124.2367125,5.510109,138.696166588588,24.4454092463827,05.11,1.0,,,0,N,,,,,,,,,,,,,,,,,,,
haridwar_kvk_phenocam,Wheat,wheat_2024_25,S2,20250418T052711_20250418T053150_T43RGP,Sentinel-2C,43RGP,2025-04-18 05:40:55,2025-04-18,108,124.23674946759259,0.740917,137.180029785208,24.9049747936987,05.11,1.0,1.0,0.8588235294117647,57,Y,0.035799998790025704,0.07020000368356705,0.11060000211000443,0.13920000195503235,0.1590999960899353,0.1746000051498413,0.18700000643730164,0.20600000023841858,0.22030000388622284,0.15919999778270721,0.323159784078598,0.2556714219374394,0.19358597695827484,0.4557787234085157,0.14329429783783312,0.12069567292928696,-0.08168344186668285,,
haridwar_kvk_phenocam,Wheat,wheat_2024_25,S2,20250420T053241_20250420T053241_T44RKU,Sentinel-2A,44RKU,2025-04-20 05:40:44,2025-04-20,110,126.23662756944445,31.176353,137.856362668437,23.8420499796237,05.11,1.0,1.0,0.8549019607843137,57,Y,0.07479999959468842,0.09839999675750732,0.12780000269412994,0.15610000491142273,0.179299995303154,0.19619999825954437,0.20020000636577606,0.2206999957561493,0.23330000042915344,0.1720000058412552,0.32640893245115876,0.21899483352899551,0.16959062218666077,0.33951085805892944,0.12997175825474294,0.12805285274742112,-0.07574073218424386,,
haridwar_kvk_phenocam,Wheat,wheat_2024_25,S2,20250420T053241_20250420T053241_T43RGP,Sentinel-2A,43RGP,2025-04-20 05:40:47,2025-04-20,110,126.23666447916666,14.174721,136.324007076055,24.3091697647124,05.11,1.0,1.0,0.8627450980392157,57,Y,0.023399999365210533,0.06769999861717224,0.12120000272989273,0.1527000069618225,0.1696999967098236,0.19030000269412994,0.19809375051409006,0.22419999539852142,0.2443999946117401,0.17430000007152557,0.3165028512477875,0.23945489525794983,0.18694975972175598,0.49475149624049664,0.14044600119814277,0.10930809378623962,-0.1019511155318469,,
haridwar_kvk_phenocam,Wheat,wheat_2024_25,S2,20250423T052649_20250423T053352_T44RKU,Sentinel-2B,44RKU,2025-04-23 05:40:32,2025-04-23,113,129.23648438657406,0.074585,136.515376012089,22.9772946111604,05.11,1.0,1.0,0.8784313725490196,57,Y,0.05609999969601631,0.08465000241994858,0.13046666979789734,0.15649999678134918,0.17159999907016754,0.19120000302791595,0.21019999682903293,0.22100000083446503,0.25200000405311584,0.19020000100135803,0.31272727251052856,0.23399598790066584,0.1705508530139923,0.4240441869973341,0.1413699661854609,0.12660475472975774,-0.08946312997490168,,
haridwar_kvk_phenocam,Wheat,wheat_2024_25,S2,20250423T052649_20250423T053352_T43RGP,Sentinel-2B,43RGP,2025-04-23 05:40:35,2025-04-23,113,129.23652130787036,7.7E-4,134.961914179863,23.4562035441496,05.11,1.0,1.0,0.8784313725490196,57,Y,0.04839999973773956,0.08030000329017639,0.13056383456321471,0.15629999339580536,0.1712999939918518,0.19189999997615814,0.2098500058054924,0.22179999947547913,0.25369998812675476,0.19040000438690186,0.31105002760887146,0.2334151789546013,0.17013713717460632,0.4473324418067932,0.1427372358739376,0.12281587719917297,-0.09243355445254031,,
haridwar_kvk_phenocam,Wheat,wheat_2024_25,S2,20250428T052711_20250428T053329_T44RKU,Sentinel-2C,44RKU,2025-04-28 05:40:53,2025-04-28,118,134.23672855324074,16.36032,134.446058898058,21.5358126042106,05.11,1.0,0.0,0.058823529411764705,0,N,,,,,,,,,,,,,,,,,,,
haridwar_kvk_phenocam,Wheat,wheat_2024_25,S2,20250428T052711_20250428T053329_T43RGP,Sentinel-2C,43RGP,2025-04-28 05:40:56,2025-04-28,118,134.2367654513889,8.29632,132.852675216453,22.032399371773,05.11,1.0,0.0,0.047058823529411764,0,N,,,,,,,,,,,,,,,,,,,
haridwar_kvk_phenocam,Wheat,wheat_2024_25,S2,20250503T052649_20250503T053353_T44RKU,Sentinel-2B,44RKU,2025-05-03 05:40:33,2025-05-03,123,139.23649627314813,25.922135,131.811834694138,20.3434646987305,05.11,1.0,1.0,0.8705882352941177,57,Y,0.06199999898672104,0.10040000081062317,0.15839999914169312,0.18950000405311584,0.2054000049829483,0.2290000021457672,0.23440000414848328,0.25999999046325684,0.29339998960494995,0.21709999442100525,0.3119949847459793,0.1961352676153183,0.15942026674747467,0.3991769552230835,0.12951542437076569,0.11197945376895123,-0.10765112988553194,,
haridwar_kvk_phenocam,Wheat,wheat_2024_25,S2,20250503T052649_20250503T053353_T43RGP,Sentinel-2B,43RGP,2025-05-03 05:40:36,2025-05-03,123,139.23653313657408,9.449219,130.205309469431,20.8615029621709,05.11,1.0,1.0,0.8666666666666667,57,Y,0.06679999828338623,0.10419999808073044,0.15806830934976618,0.1881999969482422,0.20469999313354492,0.22769999504089355,0.23420000076293945,0.25839999318122864,0.29109999537467957,0.2134000062942505,0.3145146742463112,0.1979999989271164,0.1623508185148239,0.38586513698101044,0.13010944741439412,0.11345461691548758,-0.10418183729052544,,
haridwar_kvk_phenocam,Wheat,wheat_2024_25,S2,20250508T052701_20250508T053750_T44RKU,Sentinel-2C,44RKU,2025-05-08 05:40:50,2025-05-08,128,144.23670099537037,37.821993,129.312575232295,19.2055486345566,05.11,1.0,1.0,0.8862745098039215,57,Y,0.0568000003695488,0.09220000356435776,0.1379999965429306,0.16359999775886536,0.18809999525547028,0.2003999948501587,0.20819999277591705,0.23010000586509705,0.3133000135421753,0.23839999735355377,0.3231569329897563,0.19872011989355087,0.163884699344635,0.38115331530570984,0.1229121560851733,0.10839603841304779,-0.20644454658031464,,
haridwar_kvk_phenocam,Wheat,wheat_2024_25,S2,20250508T052701_20250508T053750_T43RGP,Sentinel-2C,43RGP,2025-05-08 05:40:54,2025-05-08,128,144.23673795138887,17.728859,127.695285266681,19.7428666784589,05.11,1.0,1.0,0.8823529411764706,57,Y,0.06790000200271606,0.09830000251531601,0.13580000400543213,0.16529999673366547,0.19020000100135803,0.20509999990463257,0.2093999981880188,0.22939999401569366,0.30649998784065247,0.23549999296665192,0.32623817324638366,0.20566509291529655,0.1650625616312027,0.35565382242202753,0.12694180011749268,0.11780694872140884,-0.18974165618419647,,
