feature_set,model,fold,validation_mode,accuracy,balanced_accuracy,macro_precision,macro_recall,macro_f1,weighted_f1,kappa,mcc
A0_S2_static,CatBoost,OOF,spatial_grid_stratified_group,0.5773734462259053,0.28820009392232665,0.24909205787376074,0.28820009392232665,0.2597970437630281,0.5886936110652955,0.44641257263827305,0.4481679620052815
A0_S2_static,LinearSVM,OOF,spatial_grid_stratified_group,0.5408034588362457,0.3034303914478778,0.24867158199396827,0.3034303914478778,0.24659078667711146,0.5683175003466459,0.4148583840984058,0.42049091868347216
A0_S2_static,HistGradientBoosting,OOF,spatial_grid_stratified_group,0.6094397405872816,0.23539391819575275,0.2615085219103063,0.23539391819575275,0.2388333348812675,0.5911284534713579,0.46030239219069213,0.4614855196483672
A0_S2_static,LightGBM,OOF,spatial_grid_stratified_group,0.6193478652495046,0.2276197863881141,0.2958516771404488,0.2276197863881141,0.23543054986599488,0.5946745214258183,0.4680773524895566,0.4704060604469615
A0_S2_static,RBF_SVM,OOF,spatial_grid_stratified_group,0.40190956584399207,0.3452610282447915,0.26423910144520524,0.3452610282447915,0.23512921926412206,0.47742833929942824,0.3065557917709255,0.32497548130379705
A0_S2_static,XGBoost,OOF,spatial_grid_stratified_group,0.6301567285173842,0.2210422138546971,0.28438231147111015,0.2210422138546971,0.22506828263980752,0.5987291587291114,0.47804875971003913,0.48273492573588306
A0_S2_static,KNN,OOF,spatial_grid_stratified_group,0.6161052062691407,0.22061979554924205,0.30454218660274174,0.22061979554924205,0.22468838948896203,0.5845473871832728,0.4581046992217881,0.46339402313529493
A0_S2_static,LogisticRegression,OOF,spatial_grid_stratified_group,0.3491262835525131,0.34543328961594527,0.2655790684243269,0.34543328961594527,0.22261087794748036,0.4272655536615664,0.26337668796200187,0.28373440064238464
A0_S2_static,MLP,OOF,spatial_grid_stratified_group,0.6418663303909206,0.22512471245869653,0.3716305062370716,0.22512471245869653,0.22249811585428173,0.6083595833551924,0.49492679007259155,0.49953187948949673
A0_S2_static,ExtraTrees,OOF,spatial_grid_stratified_group,0.6341199783822735,0.217908167341179,0.4454528259734331,0.217908167341179,0.2210905610447405,0.5923822277142785,0.47663268053083385,0.48704184596175676
A0_S2_static,RandomForest,OOF,spatial_grid_stratified_group,0.6317780580075663,0.2160740204283734,0.30481528752497183,0.2160740204283734,0.21880607471697422,0.5920044592570624,0.47343581173929794,0.48361738653248304
A0_S2_static,ShrinkageLDA,OOF,spatial_grid_stratified_group,0.6155647631057467,0.21798359848307752,0.3013255883449001,0.21798359848307752,0.212519446643535,0.5828868321581127,0.4601175753333624,0.4645336085203066
A0_S2_static,GradientBoosting,OOF,spatial_grid_stratified_group,0.6191677175283733,0.20552945614449816,0.24370576528202545,0.20552945614449816,0.20506863931888397,0.5821079902984276,0.45790960532883995,0.46670255799580057
A0_S2_static,DecisionTree,OOF,spatial_grid_stratified_group,0.4613583138173302,0.20713633647509683,0.19350056015461486,0.20713633647509683,0.19764030114625208,0.47908434826845103,0.2990328653796822,0.3004456061777779
A0_S2_static,GaussianNB,OOF,spatial_grid_stratified_group,0.33471446586200687,0.2754361843420617,0.19278134246366313,0.2754361843420617,0.1710601158647545,0.3764151160563697,0.22022130745239443,0.23483338376782242
A0_S2_static,DummyMostFrequent,OOF,spatial_grid_stratified_group,0.36588002161772654,0.07692307692307693,0.028144617047517424,0.07692307692307693,0.04121096524156403,0.19601749509512073,0.0,0.0
A1_S2_temporal,CatBoost,OOF,spatial_grid_stratified_group,0.694829760403531,0.41582499575112286,0.3801324106588119,0.41582499575112286,0.38863388495781975,0.6973535767762449,0.5947785113278427,0.5961023519132412
A1_S2_temporal,HistGradientBoosting,OOF,spatial_grid_stratified_group,0.713024680237795,0.3634255959030971,0.4000088786910053,0.3634255959030971,0.3710742933730312,0.699867930487277,0.6076394895908297,0.6084736862602672
A1_S2_temporal,ShrinkageLDA,OOF,spatial_grid_stratified_group,0.6737524770311656,0.40914305089803626,0.35600130596784185,0.40914305089803626,0.37023105318674526,0.6833007195012837,0.5681108452633998,0.5714816835637472
A1_S2_temporal,LightGBM,OOF,spatial_grid_stratified_group,0.7117636461898756,0.3523305060022619,0.4072223080066786,0.3523305060022619,0.36281194760282465,0.6960623210906881,0.6039750531393815,0.6054133706616814
A1_S2_temporal,XGBoost,OOF,spatial_grid_stratified_group,0.7157268960547649,0.34030670628679993,0.4305112656836985,0.34030670628679993,0.3604107018805367,0.6949803088065604,0.6058275125302346,0.608014500910436
A1_S2_temporal,RBF_SVM,OOF,spatial_grid_stratified_group,0.5968294001080886,0.41732008570298784,0.3334344825837822,0.41732008570298784,0.34719979526370826,0.6401569834186492,0.49520400370334017,0.5041636514611454
A1_S2_temporal,LinearSVM,OOF,spatial_grid_stratified_group,0.6258331832102324,0.38855894394369134,0.3203229756150376,0.38855894394369134,0.33994684182748947,0.651092289374228,0.5151555687844249,0.5180851910377656
A1_S2_temporal,LogisticRegression,OOF,spatial_grid_stratified_group,0.5916051161952801,0.4165721381417372,0.31918589164024713,0.4165721381417372,0.33929720449988376,0.6333718812772189,0.4863287949260664,0.4928504800639635
A1_S2_temporal,MLP,OOF,spatial_grid_stratified_group,0.6955503512880562,0.329853625519246,0.3610731554561148,0.329853625519246,0.3391725764724838,0.6778199926443653,0.580011438535778,0.5816420933978748
A1_S2_temporal,RandomForest,OOF,spatial_grid_stratified_group,0.710322464420825,0.32234283882478104,0.3840367850171248,0.32234283882478104,0.33805978584955493,0.6842056257193794,0.5946771337895747,0.5991846373305062
A1_S2_temporal,ExtraTrees,OOF,spatial_grid_stratified_group,0.7050981805080165,0.32295152886796596,0.38046123459102643,0.32295152886796596,0.3362090619534268,0.6790483437919149,0.5878847185784211,0.5933906043798131
A1_S2_temporal,KNN,OOF,spatial_grid_stratified_group,0.6748333633579535,0.3227307788618463,0.3419261929535454,0.3227307788618463,0.3247404815809149,0.6566160263581639,0.5513887931853916,0.5543241270749188
A1_S2_temporal,GradientBoosting,OOF,spatial_grid_stratified_group,0.6939290217978743,0.31155020009625795,0.35578599194976124,0.31155020009625795,0.322434479520694,0.6753976118617987,0.5763680533105723,0.5783669136800053
A1_S2_temporal,DecisionTree,OOF,spatial_grid_stratified_group,0.5653035489101063,0.30654911027484905,0.28129279197405826,0.30654911027484905,0.29153382819674906,0.5777746886544198,0.4275776161913255,0.4285083404365748
A1_S2_temporal,GaussianNB,OOF,spatial_grid_stratified_group,0.040713384975680056,0.20502885309921753,0.1634092875333682,0.20502885309921753,0.057823627022095855,0.0313563127216715,0.029111122103476328,0.036244209904452755
A1_S2_temporal,DummyMostFrequent,OOF,spatial_grid_stratified_group,0.36588002161772654,0.07692307692307693,0.028144617047517424,0.07692307692307693,0.04121096524156403,0.19601749509512073,0.0,0.0
A2_S1_temporal,CatBoost,OOF,spatial_grid_stratified_group,0.6885245901639344,0.37528046614076704,0.32451471854206637,0.37528046614076704,0.3399922527394346,0.6824507944928268,0.5835902067796714,0.5852816457628749
A2_S1_temporal,RBF_SVM,OOF,spatial_grid_stratified_group,0.6092595928661503,0.3860141826466782,0.2982941056929381,0.3860141826466782,0.319862625979913,0.6314586370224748,0.5008592680811943,0.5068958010818965
A2_S1_temporal,LightGBM,OOF,spatial_grid_stratified_group,0.7106827598630877,0.3125116818024392,0.37061267807832443,0.3125116818024392,0.31979033683696395,0.6864618783125369,0.598376803477233,0.6016082444718465
A2_S1_temporal,HistGradientBoosting,OOF,spatial_grid_stratified_group,0.7016753738065213,0.31001908467981626,0.3445075486698387,0.31001908467981626,0.3124413848890671,0.6795639034094962,0.5879053161701483,0.5900434945932576
A2_S1_temporal,MLP,OOF,spatial_grid_stratified_group,0.6892451810484598,0.30594468984359685,0.3586479730504197,0.30594468984359685,0.31204454404021775,0.6677220626666606,0.5705147695895765,0.5719542403357579
A2_S1_temporal,XGBoost,OOF,spatial_grid_stratified_group,0.7079805440461178,0.29500956480333473,0.3945267045933132,0.29500956480333473,0.30549843479109945,0.6807549014121336,0.5917559776124286,0.5965999980771355
A2_S1_temporal,ShrinkageLDA,OOF,spatial_grid_stratified_group,0.6404251486218699,0.35483929670769637,0.2891547487221674,0.35483929670769637,0.30357888627306856,0.6481101516919339,0.5246941384785367,0.5279710865278691
A2_S1_temporal,GradientBoosting,OOF,spatial_grid_stratified_group,0.6833003062511259,0.2746875359176519,0.33556431045321305,0.2746875359176519,0.2867676928801244,0.6631997584417758,0.5598665201879014,0.5640496149637878
A2_S1_temporal,LinearSVM,OOF,spatial_grid_stratified_group,0.5780940371104305,0.3319760647027129,0.2740459815352966,0.3319760647027129,0.278883213799042,0.620005600331137,0.4667894103055439,0.47271086408522595
A2_S1_temporal,KNN,OOF,spatial_grid_stratified_group,0.6748333633579535,0.2852306246884534,0.32289120731494947,0.2852306246884534,0.2782384888964983,0.6522191467861341,0.549933906520804,0.5567394055253407
A2_S1_temporal,LogisticRegression,OOF,spatial_grid_stratified_group,0.4901819491983426,0.3632149123696079,0.2756756644142537,0.3632149123696079,0.27625133666463514,0.5507557228150199,0.384685954562192,0.3975860955548589
A2_S1_temporal,DecisionTree,OOF,spatial_grid_stratified_group,0.5395424247883265,0.26454499195862674,0.25778927961317544,0.26454499195862674,0.2596750694240612,0.5494372586761257,0.39122625786198606,0.3920689804390142
A2_S1_temporal,RandomForest,OOF,spatial_grid_stratified_group,0.680057647270762,0.2518451441595632,0.3602528987438945,0.2518451441595632,0.2587339472482324,0.6431677593892451,0.5409893341428484,0.5650969854037384
A2_S1_temporal,ExtraTrees,OOF,spatial_grid_stratified_group,0.680057647270762,0.2462274228713959,0.4306742871426729,0.2462274228713959,0.24674683743866963,0.640584254887435,0.5414951482156609,0.5652711716774167
A2_S1_temporal,GaussianNB,OOF,spatial_grid_stratified_group,0.061430372905782744,0.2085187017542716,0.07290962436976221,0.2085187017542716,0.06579138580708631,0.0264448612191969,0.04316180543920711,0.056736431375705686
A2_S1_temporal,DummyMostFrequent,OOF,spatial_grid_stratified_group,0.36588002161772654,0.07692307692307693,0.028144617047517424,0.07692307692307693,0.04121096524156403,0.19601749509512073,0.0,0.0
A3_S1_S2_temporal,HistGradientBoosting,OOF,spatial_grid_stratified_group,0.7330210772833724,0.3798382947981339,0.43592267306182814,0.3798382947981339,0.3909757509971785,0.7175390333748682,0.6346240017993029,0.6357064523304797
A3_S1_S2_temporal,CatBoost,OOF,spatial_grid_stratified_group,0.7106827598630877,0.4140596121274035,0.39766479156037116,0.4140596121274035,0.38947962336007613,0.7097367243494243,0.6144684947813447,0.6159637965023959
A3_S1_S2_temporal,ShrinkageLDA,OOF,spatial_grid_stratified_group,0.6865429652314898,0.41394130690371356,0.36214545930938785,0.41394130690371356,0.37853086588236373,0.6953951144371829,0.5854896975173516,0.5878864761040349
A3_S1_S2_temporal,LightGBM,OOF,spatial_grid_stratified_group,0.7310394523509277,0.36825517927899776,0.41239350618120424,0.36825517927899776,0.3758979517025764,0.7139290768474308,0.6306399910223112,0.63214469445083
A3_S1_S2_temporal,RBF_SVM,OOF,spatial_grid_stratified_group,0.6578994775716087,0.4153211734892761,0.3624331085111627,0.4153211734892761,0.3686450551867392,0.6775809404452536,0.5574297077134329,0.5615658183127625
A3_S1_S2_temporal,XGBoost,OOF,spatial_grid_stratified_group,0.7357232931003422,0.34717437051869116,0.4553734866016112,0.34717437051869116,0.3675258127551932,0.7150254264866855,0.6346777741594405,0.6365351291900704
A3_S1_S2_temporal,RandomForest,OOF,spatial_grid_stratified_group,0.7213114754098361,0.3303643543902147,0.4159883489583836,0.3303643543902147,0.3477113865211547,0.6954548971599128,0.6102625157950528,0.6156079400145708
A3_S1_S2_temporal,MLP,OOF,spatial_grid_stratified_group,0.6973518284993695,0.3442048398470385,0.35937055307078897,0.3442048398470385,0.3470346147772678,0.6865487388778175,0.5867051706747728,0.5870922701926148
A3_S1_S2_temporal,ExtraTrees,OOF,spatial_grid_stratified_group,0.7117636461898756,0.3298833193463177,0.3980893951255581,0.3298833193463177,0.3450764542062054,0.6857322749823483,0.5965746271531223,0.6034098488560083
A3_S1_S2_temporal,LogisticRegression,OOF,spatial_grid_stratified_group,0.6193478652495046,0.3904009385716271,0.32108057005203966,0.3904009385716271,0.34137016275014087,0.6473876709028975,0.5111774241965874,0.5147052036967319
A3_S1_S2_temporal,LinearSVM,OOF,spatial_grid_stratified_group,0.6287155467483336,0.371674373867053,0.31709966063928785,0.371674373867053,0.33496443835201,0.6492442506402568,0.5158767648872322,0.517901728403901
A3_S1_S2_temporal,GradientBoosting,OOF,spatial_grid_stratified_group,0.7061790668348046,0.30842459754215734,0.36403601564747884,0.30842459754215734,0.32387694567078884,0.6900692582851595,0.5947903165168821,0.596424323108737
A3_S1_S2_temporal,KNN,OOF,spatial_grid_stratified_group,0.6798774995496307,0.30932714133646094,0.3335179044449789,0.30932714133646094,0.3072177890204486,0.659596077590968,0.5574471038552034,0.5623895408073466
A3_S1_S2_temporal,DecisionTree,OOF,spatial_grid_stratified_group,0.5636822194199244,0.29386376020752764,0.2741374478984038,0.29386376020752764,0.2816337591115511,0.574979854876013,0.4239629561378362,0.42482702313779797
A3_S1_S2_temporal,GaussianNB,OOF,spatial_grid_stratified_group,0.06287155467483337,0.27160010342442703,0.1716273963718775,0.27160010342442703,0.08954420073091675,0.037800429514068354,0.049508108474098145,0.062421430539411786
A3_S1_S2_temporal,DummyMostFrequent,OOF,spatial_grid_stratified_group,0.36588002161772654,0.07692307692307693,0.028144617047517424,0.07692307692307693,0.04121096524156403,0.19601749509512073,0.0,0.0
A4_temporal_descriptors,CatBoost,OOF,spatial_grid_stratified_group,0.7070798054404612,0.39720817189606844,0.3692054035218914,0.39720817189606844,0.37136901784599136,0.7023118664108214,0.6080941509200724,0.6090310814968871
A4_temporal_descriptors,ShrinkageLDA,OOF,spatial_grid_stratified_group,0.7002341920374707,0.39571590821155006,0.3462893244432449,0.39571590821155006,0.3626215755236082,0.7006765723733865,0.5986918473680584,0.6005614056080572
A4_temporal_descriptors,LightGBM,OOF,spatial_grid_stratified_group,0.7247342821113313,0.34566133456348164,0.415263268773385,0.34566133456348164,0.3575534536816323,0.7058738802830964,0.6206713931835655,0.6221689214684873
A4_temporal_descriptors,RBF_SVM,OOF,spatial_grid_stratified_group,0.6515943073320123,0.41067385736124673,0.34012516500119777,0.41067385736124673,0.3570854918328447,0.6765883970324865,0.5528254969466886,0.5580421074465366
A4_temporal_descriptors,HistGradientBoosting,OOF,spatial_grid_stratified_group,0.7173482255449468,0.34561265490947146,0.380625675221651,0.34561265490947146,0.3494576451144881,0.7002377444494784,0.6125611756761992,0.6135148887369639
A4_temporal_descriptors,MLP,OOF,spatial_grid_stratified_group,0.7159070437758962,0.33251644811728825,0.39798349915287196,0.33251644811728825,0.3475340597586526,0.6972689087024204,0.6089982168490568,0.6101762448234763
A4_temporal_descriptors,XGBoost,OOF,spatial_grid_stratified_group,0.7245541343902,0.32405221582065175,0.45418963902239196,0.32405221582065175,0.3433839757222599,0.7012322104893567,0.6173144892735296,0.6196762554421821
A4_temporal_descriptors,LinearSVM,OOF,spatial_grid_stratified_group,0.6395244100162133,0.39073197705011725,0.31984658868293564,0.39073197705011725,0.3363532117918134,0.67024782242467,0.537329034334839,0.5415410211722038
A4_temporal_descriptors,KNN,OOF,spatial_grid_stratified_group,0.690506215096379,0.3204747957447113,0.3555145095046229,0.3204747957447113,0.3274268191584095,0.6705479193482381,0.5713626221055312,0.5760013502715047
A4_temporal_descriptors,ExtraTrees,OOF,spatial_grid_stratified_group,0.7036569987389659,0.31122901922666474,0.3858210065845787,0.31122901922666474,0.32582470679827086,0.6770810125547985,0.5847146586473508,0.5910887435862822
A4_temporal_descriptors,LogisticRegression,OOF,spatial_grid_stratified_group,0.564042514862187,0.4230089057949699,0.3107332232415967,0.4230089057949699,0.3247912805503317,0.6151700563905992,0.46235734584690547,0.47274106492823564
A4_temporal_descriptors,GradientBoosting,OOF,spatial_grid_stratified_group,0.6959106467303189,0.30605242477678163,0.3667017935213463,0.30605242477678163,0.32147600699112633,0.6766989721450506,0.578150926366463,0.5808435099993527
A4_temporal_descriptors,RandomForest,OOF,spatial_grid_stratified_group,0.7083408394883804,0.30536816761004826,0.3956404467878562,0.30536816761004826,0.32010744846374756,0.6815652187028872,0.5915993165169156,0.5970158846668131
A4_temporal_descriptors,DecisionTree,OOF,spatial_grid_stratified_group,0.5689065033327328,0.2999506487078724,0.2765080211381337,0.2999506487078724,0.2854637562621472,0.5820603644415018,0.43271896129506127,0.433684604789165
A4_temporal_descriptors,GaussianNB,OOF,spatial_grid_stratified_group,0.1996036750135111,0.2583101338402397,0.3008858640638541,0.2583101338402397,0.14428485950440287,0.24521076276422282,0.15048415641531376,0.17772814818423394
A4_temporal_descriptors,DummyMostFrequent,OOF,spatial_grid_stratified_group,0.36588002161772654,0.07692307692307693,0.028144617047517424,0.07692307692307693,0.04121096524156403,0.19601749509512073,0.0,0.0
